open_time,close,vwap,band,z,bviv,bviv_mark,bviv_mid,always|1|position,switch|-1|0.5|position,ratchet|-1.5|4|1|1|position
2026-02-03 00:00:00+00:00,78576.85,77145.86761746567,74370.55972292206,0.7524640749655397,48.701470059093815,48.745162575311,47.6345,558.2403471190778,0.0,558.2403471190778
2026-02-03 00:15:00+00:00,78909.49,77147.06266883278,74370.44084734355,0.9243498720240203,48.57197112743889,48.612310727404,47.669,558.2403471190778,0.0,558.2403471190778
2026-02-03 00:30:00+00:00,78951.48,77149.03374395765,74381.989367226,0.9484309232270371,48.526796143815176,48.57516336868,47.85,558.2403471190778,0.0,558.2403471190778
2026-02-03 00:45:00+00:00,79065.24,77156.03413406675,74397.23547859394,1.0069845191192948,48.37873953880549,48.424586673425,47.8755,558.2403471190778,0.0,558.2403471190778
2026-02-03 01:00:00+00:00,78930.0,77170.63122835262,74419.12745353587,0.9313521407892359,48.42190657875078,48.464726222866,48.0965,558.2403471190778,0.0,558.2403471190778
2026-02-03 01:15:00+00:00,78905.59,77178.62434276668,74436.50993119553,0.9175787012648464,48.37347335878377,48.421709879997,48.174,558.2403471190778,0.0,558.2403471190778
2026-02-03 01:30:00+00:00,78940.0,77183.48280479832,74450.77370097006,0.9363768283732284,48.1658978460547,48.210920685015,47.969,558.2403471190778,0.0,558.2403471190778
2026-02-03 01:45:00+00:00,79017.63,77189.538650145,74465.6387591553,0.9772989032032839,48.128517609819596,48.172444081732,47.9505,558.2403471190778,0.0,558.2403471190778
2026-02-03 02:00:00+00:00,78527.78,77195.47869329907,74456.1766847784,0.7104128784271282,48.37146141885606,48.413776075003,48.294,558.2403471190778,0.0,558.2403471190778
2026-02-03 02:15:00+00:00,78700.0,77200.00475498712,74467.16030681058,0.8008995754954447,48.16141707877404,48.202749416824,47.9645,558.2403471190778,0.0,558.2403471190778
2026-02-03 02:30:00+00:00,78393.01,77207.25165148446,74474.01625657732,0.6342981369689837,48.39948541313673,48.444420055951,48.184,558.2403471190778,0.0,558.2403471190778
2026-02-03 02:45:00+00:00,77808.01,77225.0253420783,74464.9877822266,0.3099704151034362,48.71626085905748,48.76461360587,48.4425,558.2403471190778,0.0,558.2403471190778
2026-02-03 03:00:00+00:00,78021.53,77246.35532890922,74489.0337731374,0.41206379572473206,48.86832785685078,48.916439357468,48.7195,558.2403471190778,0.0,558.2403471190778
2026-02-03 03:15:00+00:00,78306.0,77368.8549131648,74605.81568917833,0.4966165294652753,48.99444439218852,49.042313252294,48.781,558.2403471190778,0.0,558.2403471190778
2026-02-03 03:30:00+00:00,78560.01,77544.48123074364,74776.14665830086,0.5368667898103543,48.89968524537738,48.946975088506,48.7345,558.2403471190778,0.0,558.2403471190778
2026-02-03 03:45:00+00:00,78753.32,77627.8754564551,74861.27864194823,0.5949544986504479,48.735611171996574,48.779576330124,48.5505,558.2403471190778,0.0,558.2403471190778
2026-02-03 04:00:00+00:00,78759.99,77667.90807464471,74909.67397878565,0.5792307565592848,48.750492191039676,48.793303409876,48.558,558.2403471190778,0.0,558.2403471190778
2026-02-03 04:15:00+00:00,78509.36,77713.98631205964,74955.03411179055,0.42255160368551237,48.8459616630886,48.889848299994,48.6065,558.2403471190778,0.0,558.2403471190778
2026-02-03 04:30:00+00:00,78979.63,77741.45116750729,74960.33230252008,0.6506280516014489,48.671461963632225,48.716353082498,48.519,558.2403471190778,0.0,558.2403471190778
2026-02-03 04:45:00+00:00,78798.39,77765.59889733534,74988.89142066005,0.54429479844911,48.624046005583516,48.671004791779,48.496,558.2403471190778,0.0,558.2403471190778
2026-02-03 05:00:00+00:00,78504.1,77805.9028735442,75026.47148242555,0.36838076861623975,48.70691412691336,48.750748091158,47.5955,558.2403471190778,0.0,558.2403471190778
2026-02-03 05:15:00+00:00,78431.82,77865.04505851473,75092.66884341848,0.3000718053405658,48.83135699884462,48.874230272988,47.9995,558.2403471190778,0.0,558.2403471190778
2026-02-03 05:30:00+00:00,78362.35,77918.9975936559,75153.89098138877,0.2355447880986974,48.80587590567938,48.855394706827,47.947,558.2403471190778,0.0,558.2403471190778
2026-02-03 05:45:00+00:00,78240.45,77959.77526858589,75201.06876248698,0.14962655130160377,48.90442465949936,48.951655995939,48.093,558.2403471190778,0.0,558.2403471190778
2026-02-03 06:00:00+00:00,78069.73,78012.89001180501,75258.09776050248,0.030388904391126077,48.901103441459846,48.952804009554,48.294,558.2403471190778,0.0,558.2403471190778
2026-02-03 06:15:00+00:00,78566.97,78060.11398060457,75279.90908365737,0.26769585443387867,48.71494539870617,48.768083788458,48.302,558.2403471190778,0.0,558.2403471190778
2026-02-03 06:30:00+00:00,78464.62,78168.03736752333,75392.43103586667,0.15711926330086523,48.621117942076566,48.669399361993,48.453,558.2403471190778,0.0,558.2403471190778
2026-02-03 06:45:00+00:00,78594.17,78205.48828728605,75436.11364292627,0.20626294735142978,48.59135594466121,48.641535742558,48.107,558.2403471190778,0.0,558.2403471190778
2026-02-03 07:00:00+00:00,78750.0,78226.9720053814,75462.90646604706,0.27786378892278707,48.61236110088202,48.65851305339,48.107,558.2403471190778,0.0,558.2403471190778
2026-02-03 07:15:00+00:00,78670.92,78248.46993107311,75492.46690156203,0.22524460008955496,48.638525131309315,48.687558325866,47.907,558.2403471190778,0.0,558.2403471190778
2026-02-03 07:30:00+00:00,78839.99,78281.10096432836,75529.29380687054,0.29819856002128947,48.512515376845116,48.558892771351,47.907,558.2403471190778,0.0,558.2403471190778
2026-02-03 07:45:00+00:00,78794.67,78312.28181279523,75568.80549498118,0.25830445427411525,48.5576982759345,48.60440871529,47.907,558.2403471190778,0.0,558.2403471190778
2026-02-03 08:00:00+00:00,78488.66,78339.69954532383,75592.97137129938,0.07983747677860896,48.648912386970764,48.691602430835,47.907,558.2403471190778,0.0,558.2403471190778
2026-02-03 08:15:00+00:00,78882.2,78369.45151410253,75611.61103726036,0.27305724024141514,48.30025106672126,48.344734645267,47.907,558.2403471190778,0.0,558.2403471190778
2026-02-03 08:30:00+00:00,79005.32,78388.72098978962,75638.04216682416,0.32901685590835544,48.0427771336961,48.081599927584,46.444,558.2403471190778,0.0,558.2403471190778
2026-02-03 08:45:00+00:00,78747.96,78400.65197937876,75650.85342299021,0.18570139473454741,48.11534815733335,48.159170285386,46.544,558.2403471190778,0.0,558.2403471190778
2026-02-03 09:00:00+00:00,78180.8,78412.58672620344,75622.68090526325,-0.12257159810972304,48.37691405114462,48.415844806867,46.744,558.2403471190778,0.0,558.2403471190778
2026-02-03 09:15:00+00:00,77960.51,78422.4689204315,75634.6066737292,-0.24483264450422879,48.750430732312225,48.788350140972,48.128,558.2403471190778,0.0,558.2403471190778
2026-02-03 09:30:00+00:00,78312.15,78439.8457776472,75642.22834253077,-0.06729315225723634,48.544938990186346,48.587605532606,48.0105,558.2403471190778,0.0,558.2403471190778
2026-02-03 09:45:00+00:00,78400.01,78472.31124720114,75682.26000116886,-0.0381933326308448,48.579581552089635,48.622552275263,48.129,558.2403471190778,0.0,558.2403471190778
2026-02-03 10:00:00+00:00,78529.83,78482.4325314406,75699.00834183318,0.02507947054147532,48.50497025742596,48.543590529574,48.1905,558.2403471190778,0.0,558.2403471190778
2026-02-03 10:15:00+00:00,78466.07,78491.3454080018,75716.75893516443,-0.013423620375353907,48.50380974889908,48.548204842395,47.5,558.2403471190778,0.0,558.2403471190778
2026-02-03 10:30:00+00:00,78165.48,78498.43516726262,75717.81398904746,-0.1767868411800335,48.78518635362154,48.777198884092,47.5,558.2403471190778,0.0,558.2403471190778
2026-02-03 10:45:00+00:00,78120.36,78503.14884496559,75731.84921780479,-0.20400797870410947,48.93086176827245,48.973885972444,47.5,558.2403471190778,0.0,558.2403471190778
2026-02-03 11:00:00+00:00,78231.09,78509.07587755908,75744.53608213467,-0.14842263475647124,48.945594456379226,48.991434400945,47.5,558.2403471190778,0.0,558.2403471190778
2026-02-03 11:15:00+00:00,78058.2,78511.38203703695,75749.60299833848,-0.24248145560379278,49.228244013962815,49.27244275273,47.5,558.2403471190778,0.0,558.2403471190778
2026-02-03 11:30:00+00:00,78220.19,78515.99763540889,75757.72806122807,-0.15832184870325267,49.190377057326316,49.237609157473,47.5,558.2403471190778,0.0,558.2403471190778
2026-02-03 11:45:00+00:00,78079.5,78525.09956356177,75771.66324007146,-0.2391488767986526,49.25763520064037,49.296612947734,47.5,558.2403471190778,0.0,558.2403471190778
2026-02-03 12:00:00+00:00,78222.2,78527.65427637674,75779.17169572924,-0.16408810045571207,49.341656719457504,49.389627130122,47.5,558.2403471190778,0.0,558.2403471190778
2026-02-03 12:15:00+00:00,78318.65,78531.12089825352,75790.09952148664,-0.11438646526487271,49.329707737297056,49.375676600389,47.5,558.2403471190778,0.0,558.2403471190778
2026-02-03 12:30:00+00:00,78237.41,78533.9457863252,75801.00191035822,-0.16021026582110573,49.325624518141055,49.378468429476,47.5,558.2403471190778,0.0,558.2403471190778
2026-02-03 12:45:00+00:00,78330.26,78537.10773900784,75811.72803870036,-0.11200589488713765,49.282451064107576,49.332783418404,47.5,558.2403471190778,0.0,558.2403471190778
2026-02-03 13:00:00+00:00,78410.15,78542.6698189445,75826.17095607941,-0.0719628497721611,49.307319553659426,49.357283936103,47.5,558.2403471190778,0.0,558.2403471190778
2026-02-03 13:15:00+00:00,78423.52,78545.71126887684,75838.71000651269,-0.06658670007338353,49.38588353794633,49.442715731052,47.5,558.2403471190778,0.0,558.2403471190778
2026-02-03 13:30:00+00:00,78300.92,78549.83097016726,75850.9065493565,-0.13616436576485336,49.294536475334326,49.344130323049,48.585,558.2403471190778,0.0,558.2403471190778
2026-02-03 13:45:00+00:00,78307.65,78554.44710334598,75864.91799490519,-0.13548625905008652,49.254320114758585,49.303372861199,48.666,558.2403471190778,0.0,558.2403471190778
2026-02-03 14:00:00+00:00,78358.47,78559.41124256056,75879.13398556897,-0.11066760645581611,49.269076332135235,49.319402866617,48.8745,558.2403471190778,0.0,558.2403471190778
2026-02-03 14:15:00+00:00,78425.83,78564.69928573708,75893.5524557809,-0.07671745256741443,49.26451208959559,49.317951982175,48.972,558.2403471190778,0.0,558.2403471190778
2026-02-03 14:30:00+00:00,77875.71,78548.84548453588,75875.43909742181,-0.3728195855323544,49.68627171679448,49.736980062447,49.3835,558.2403471190778,0.0,558.2403471190778
2026-02-03 14:45:00+00:00,77201.22,78525.82870311759,75844.00267671439,-0.7343674442279222,49.918544051426025,49.951794871375,49.945,558.2403471190778,0.0,558.2403471190778
2026-02-03 15:00:00+00:00,77173.56,78520.49658883625,75848.32515587292,-0.7495991730327619,50.44240062293521,50.479474788064,50.0565,558.2403471190778,0.0,558.2403471190778
2026-02-03 15:15:00+00:00,77736.2,78490.42596255853,75818.51958556502,-0.41818409959743175,50.30140623075445,50.344469046632,50.089,558.2403471190778,0.0,558.2403471190778
2026-02-03 15:30:00+00:00,77480.0,78462.29923902475,75798.69781819645,-0.5471678952157462,50.13433333218401,50.178666559891,50.004,558.2403471190778,0.0,558.2403471190778
2026-02-03 15:45:00+00:00,78132.33,78441.63328861824,75774.53467558546,-0.17131853250229473,49.11297019979015,49.161116151877,48.624,558.2403471190778,0.0,558.2403471190778
2026-02-03 16:00:00+00:00,77363.77,78419.05131093008,75737.10265376458,-0.5840004320912575,49.30611148634296,49.351964297752,48.62,558.2403471190778,0.0,558.2403471190778
2026-02-03 16:15:00+00:00,76693.53,78339.79255240705,75650.7421179176,-0.912079211674003,49.93039190586079,49.976563744446,49.0305,558.2403471190778,0.0,558.2403471190778
2026-02-03 16:30:00+00:00,76753.45,78239.66132202858,75563.40318851844,-0.8265438340943192,50.13694707756732,50.183891632378,49.3345,558.2403471190778,0.0,558.2403471190778
2026-02-03 16:45:00+00:00,76488.08,78196.79358082135,75528.41297363145,-0.9545178069480369,50.27508938602262,50.320437410267,49.502,558.2403471190778,0.0,558.2403471190778
2026-02-03 17:00:00+00:00,75699.08,78118.71574170944,75431.2514768062,-1.3481343392704963,51.055059084818645,51.100594712539,50.2695,558.2403471190778,608.6288414673148,558.2403471190778
2026-02-03 17:15:00+00:00,75900.3,78048.00163932313,75370.44144162048,-1.1989821287088278,51.179955935786644,51.230717798078,50.256,558.2403471190778,608.6288414673148,558.2403471190778
2026-02-03 17:30:00+00:00,75147.94,77959.50153636676,75265.86459904592,-1.5668890340655663,51.94285472520501,51.99065350095,50.8345,558.2403471190778,608.6288414673148,558.2403471190778
2026-02-03 17:45:00+00:00,74915.79,77839.27275882871,75156.56660736403,-1.6372357374653623,52.95385566922156,53.010024009139,51.7815,558.2403471190778,608.6288414673148,558.2403471190778
2026-02-03 18:00:00+00:00,74680.42,77715.40835442739,75042.97174072471,-1.707599242490608,54.174058661097305,54.226938750071,52.9395,558.2403471190778,608.6288414673148,558.2403471190778
2026-02-03 18:15:00+00:00,74088.14,77290.61055164073,74620.03870670391,-1.805159151546394,56.08064766874589,56.140413093622,54.626,558.2403471190778,608.6288414673148,558.2403471190778
2026-02-03 18:30:00+00:00,73726.8,77036.5944892415,74375.91833135099,-1.8740932961026053,56.51841631433741,56.570504253616,54.995,558.2403471190778,608.6288414673148,558.2403471190778
2026-02-03 18:45:00+00:00,73139.13,76845.54420043102,74178.71530486581,-2.099390228745441,58.23156045157292,58.291696733543,55.6185,558.2403471190778,608.6288414673148,558.2403471190778
2026-02-03 19:00:00+00:00,74582.3,76688.20064791694,73859.10877723387,-1.1111629929964026,57.93347258275281,58.024246189677,58.3345,558.2403471190778,608.6288414673148,558.2403471190778
2026-02-03 19:15:00+00:00,74933.99,76628.85194345616,73802.00678232065,-0.8925544848076391,55.492967697996484,55.56276122545,54.776,558.2403471190778,608.6288414673148,558.2403471190778
2026-02-03 19:30:00+00:00,74912.83,76592.26795369532,73776.72906780423,-0.8879566763163642,53.800513220711736,53.856674297536,52.587,558.2403471190778,608.6288414673148,558.2403471190778
2026-02-03 19:45:00+00:00,74935.0,76555.02911176169,73750.77280347224,-0.8597144506067049,54.18658914736234,54.252922898627,52.9255,558.2403471190778,608.6288414673148,558.2403471190778
2026-02-03 20:00:00+00:00,74709.12,76525.13216392665,73729.06677254935,-0.9678540668376421,54.53603667094606,54.603238594704,53.3005,558.2403471190778,608.6288414673148,558.2403471190778
2026-02-03 20:15:00+00:00,75662.44,76499.92917059085,73665.25934675543,-0.4373033197819173,53.701410093298854,53.767035938546,52.986,558.2403471190778,608.6288414673148,558.2403471190778
2026-02-03 20:30:00+00:00,76388.64,76485.20190104718,73633.36094891751,-0.04986786645534055,52.78258496967136,52.849879512516,52.628,558.2403471190778,608.6288414673148,558.2403471190778
2026-02-03 20:45:00+00:00,76475.52,76474.63544785076,73632.878570285,0.00045817184642128853,52.65925164661921,52.72843958105,52.467,558.2403471190778,608.6288414673148,558.2403471190778
2026-02-03 21:00:00+00:00,76795.01,76470.4776990983,73629.47268798995,0.1677884819395163,52.508364257397425,52.575375894258,52.291,558.2403471190778,608.6288414673148,558.2403471190778
2026-02-03 21:15:00+00:00,76497.41,76466.31635261688,73627.31043072508,0.016118277614013635,52.625208827891804,52.692156472246,52.448,558.2403471190778,608.6288414673148,558.2403471190778
2026-02-03 21:30:00+00:00,76368.51,76460.02436130086,73629.74033549168,-0.047626173138828685,52.74095028739504,52.81323131035,52.5075,558.2403471190778,608.6288414673148,558.2403471190778
2026-02-03 21:45:00+00:00,76239.43,76454.09882107856,73632.4778038964,-0.11215841966048204,52.89960494905003,52.970064133349,52.6845,558.2403471190778,608.6288414673148,558.2403471190778
2026-02-03 22:00:00+00:00,75838.59,76437.01110499502,73613.94527814953,-0.31328282536323937,53.45822391888429,53.531607780872,53.162,558.2403471190778,608.6288414673148,558.2403471190778
2026-02-03 22:15:00+00:00,76030.42,76428.56548228339,73613.02400133347,-0.20872754046837616,53.618197813292525,53.690239220816,53.342,558.2403471190778,608.6288414673148,558.2403471190778
2026-02-03 22:30:00+00:00,75803.06,76420.43299918024,73611.24512785354,-0.3248710488722529,53.698495250304745,53.769370032615,53.483,558.2403471190778,608.6288414673148,558.2403471190778
2026-02-03 22:45:00+00:00,75708.83,76409.61538243406,73610.08428040295,-0.37026278410547075,54.134047920568584,54.207327602074,53.8015,558.2403471190778,608.6288414673148,558.2403471190778
2026-02-03 23:00:00+00:00,75770.0,76391.31978136032,73601.97801072177,-0.3293249534558607,54.1362451788215,54.208318236022,54.0035,558.2403471190778,608.6288414673148,558.2403471190778
2026-02-03 23:15:00+00:00,75751.64,76378.67235238357,73599.62299644375,-0.33361867381475424,53.95401910662332,54.025563654337,53.71,558.2403471190778,608.6288414673148,558.2403471190778
2026-02-03 23:30:00+00:00,75859.34,76364.59106042066,73594.69710178046,-0.26951192372269517,53.91940425651478,53.989477492237,54.0685,558.2403471190778,608.6288414673148,558.2403471190778
2026-02-03 23:45:00+00:00,75770.21,76352.1138699671,73591.65526712031,-0.31163755231386736,53.88831847491525,53.970486286157,54.1175,558.2403471190778,608.6288414673148,558.2403471190778
2026-02-04 00:00:00+00:00,75467.23,76332.54622144093,73574.49896720202,-0.4646982189603059,53.83001088444349,53.907689813983,53.649,558.2403471190778,608.6288414673148,558.2403471190778
2026-02-04 00:15:00+00:00,76029.01,76314.88469709136,73539.7070149538,-0.15197495967941171,53.32729770571382,53.405501286263,52.1345,558.2403471190778,608.6288414673148,558.2403471190778
2026-02-04 00:30:00+00:00,76056.0,76298.3181034519,73533.49509534116,-0.12927368189747018,53.12209206664819,53.194050236641,52.228,558.2403471190778,608.6288414673148,558.2403471190778
2026-02-04 00:45:00+00:00,75910.88,76281.4863039313,73525.22446751788,-0.1985060897870451,53.183387587107354,53.255120575527,52.3605,558.2403471190778,608.6288414673148,558.2403471190778
2026-02-04 01:00:00+00:00,76535.62,76256.4689476321,73464.83128489427,0.1469617612964807,52.61953518795427,52.696486464777,52.281,558.2403471190778,608.6288414673148,558.2403471190778
2026-02-04 01:15:00+00:00,76471.1,76239.52316760227,73457.89319492846,0.12240027895764258,52.481066140155576,52.556006720358,52.3115,558.2403471190778,608.6288414673148,558.2403471190778
2026-02-04 01:30:00+00:00,76694.61,76230.85543089945,73453.56075813543,0.24513524799979086,52.43730053305814,52.509277800414,52.287,558.2403471190778,608.6288414673148,558.2403471190778
2026-02-04 01:45:00+00:00,76423.73,76219.87038297094,73444.23891873575,0.10800657269834571,52.41203339730802,52.487461418167,52.276,558.2403471190778,608.6288414673148,558.2403471190778
2026-02-04 02:00:00+00:00,76412.98,76209.57186908011,73444.12239055162,0.10817163329280463,52.320335384035644,52.395127309747,52.13,558.2403471190778,608.6288414673148,558.2403471190778
2026-02-04 02:15:00+00:00,76186.63,76202.31061147785,73442.2881662084,-0.008367582145980525,52.432280944393604,52.499356257898,52.536,558.2403471190778,608.6288414673148,558.2403471190778
2026-02-04 02:30:00+00:00,75999.91,76190.51469148792,73437.51564316817,-0.10209292055530177,52.74082999455061,52.821826059217,52.5415,558.2403471190778,608.6288414673148,558.2403471190778
2026-02-04 02:45:00+00:00,75963.35,76165.69291623269,73423.20548872717,-0.10881116012813186,52.628862601870075,52.705326142107,52.486,558.2403471190778,608.6288414673148,558.2403471190778
2026-02-04 03:00:00+00:00,76638.0,76152.66881932836,73345.6562704478,0.25373186432626005,52.126587982857394,52.197156136628,50.8955,558.2403471190778,608.6288414673148,558.2403471190778
2026-02-04 03:15:00+00:00,76390.12,76140.32878215269,73333.79331763445,0.1308147447771965,52.18271163362681,52.255381626634,51.024,558.2403471190778,608.6288414673148,558.2403471190778
2026-02-04 03:30:00+00:00,76682.88,76134.59827417856,73324.40376892062,0.28619258395472497,52.02721892369655,52.09564171804,51.145,558.2403471190778,608.6288414673148,558.2403471190778
2026-02-04 03:45:00+00:00,76698.17,76120.0460726261,73320.28763227271,0.30285559109673,52.07277702593329,52.140106783644,51.2685,558.2403471190778,608.6288414673148,558.2403471190778
2026-02-04 04:00:00+00:00,76730.69,76112.8268275242,73323.08647082666,0.3247728003674961,51.80906852526947,51.874869576763,51.336,558.2403471190778,608.6288414673148,558.2403471190778
2026-02-04 04:15:00+00:00,76595.94,76105.60221296766,73323.43002281059,0.25866965194147734,51.726643422031024,51.793264806402,51.397,558.2403471190778,608.6288414673148,558.2403471190778
2026-02-04 04:30:00+00:00,76594.38,76089.20059263313,73317.46658111036,0.2674944304069671,51.64589054586431,51.71337322956,51.456,558.2403471190778,608.6288414673148,558.2403471190778
2026-02-04 04:45:00+00:00,76479.75,76078.75108964862,73315.32852490264,0.2131255839554536,52.085876002659646,52.153529188302,51.774,558.2403471190778,608.6288414673148,558.2403471190778
2026-02-04 05:00:00+00:00,76476.81,76073.05095832323,73319.60914205533,0.21538075304040688,52.0778175094995,52.144743185514,51.8725,558.2403471190778,608.6288414673148,558.2403471190778
2026-02-04 05:15:00+00:00,76466.27,76064.66039658376,73321.24326897698,0.21503411949849252,52.374983517709836,52.438501578914,52.1175,558.2403471190778,608.6288414673148,558.2403471190778
2026-02-04 05:30:00+00:00,76245.3,76055.69599753515,73313.8280739529,0.1017191965409729,52.55100173038496,52.615562290051,52.4065,558.2403471190778,608.6288414673148,558.2403471190778
2026-02-04 05:45:00+00:00,76279.99,76051.16009439355,73318.94624614908,0.12317319462673319,52.73599368073767,52.806295081284,52.499,558.2403471190778,608.6288414673148,558.2403471190778
2026-02-04 06:00:00+00:00,76550.62,76041.81396618167,73309.46434605835,0.27336086271723253,52.52702428698994,52.597426375362,52.3955,558.2403471190778,608.6288414673148,558.2403471190778
2026-02-04 06:15:00+00:00,76486.01,76024.48220269421,73301.84401297643,0.24893676533164852,52.58312621493037,52.651126813772,52.7685,558.2403471190778,608.6288414673148,558.2403471190778
2026-02-04 06:30:00+00:00,76711.56,76016.1803452766,73296.43932840659,0.37490327976317095,52.48903257483577,52.557414720198,52.275,558.2403471190778,608.6288414673148,558.2403471190778
2026-02-04 06:45:00+00:00,76652.68,76006.65209839324,73296.39560845873,0.3496490390837775,52.55718884181418,52.626789802298,52.3105,558.2403471190778,608.6288414673148,558.2403471190778
2026-02-04 07:00:00+00:00,76612.23,75996.86389521863,73296.29868883072,0.3343371566559325,52.46645928655389,52.53401030275,52.2635,558.2403471190778,608.6288414673148,558.2403471190778
2026-02-04 07:15:00+00:00,76452.28,75986.42699473277,73291.89524242753,0.25392912864421874,52.453620246978694,52.527314990242,52.2595,558.2403471190778,608.6288414673148,558.2403471190778
2026-02-04 07:30:00+00:00,76554.4,75975.76524741489,73289.55441048689,0.3161651834817104,52.525191842697126,52.595741293913,52.3945,558.2403471190778,608.6288414673148,558.2403471190778
2026-02-04 07:45:00+00:00,76514.3,75963.95298744626,73287.41974645294,0.30187071376138025,52.50565274901796,52.575777277207,52.2855,558.2403471190778,608.6288414673148,558.2403471190778
2026-02-04 08:00:00+00:00,76408.58,75951.16866219485,73282.95037465561,0.25184290911629503,52.59273209047883,52.665758268412,52.429,558.2403471190778,608.6288414673148,558.2403471190778
2026-02-04 08:15:00+00:00,76126.07,75935.9334081339,73266.14297150873,0.10480640349590097,52.57813901622625,52.652802029793,52.3195,558.2403471190778,608.6288414673148,558.2403471190778
2026-02-04 08:30:00+00:00,76365.9,75918.77052440005,73250.70649161957,0.24621075477156074,52.29782628785061,52.371920372529,52.0805,558.2403471190778,608.6288414673148,558.2403471190778
2026-02-04 08:45:00+00:00,76587.26,75908.82073999169,73243.4958870261,0.37340491839647605,52.08885909383094,52.163681689588,50.8735,558.2403471190778,608.6288414673148,558.2403471190778
2026-02-04 09:00:00+00:00,76319.22,75890.57119127123,73227.11923266556,0.23647734907880166,52.137253485214565,52.212842990964,51.4635,558.2403471190778,608.6288414673148,558.2403471190778
2026-02-04 09:15:00+00:00,76157.86,75869.93913399051,73213.64462813623,0.1594224746063022,52.37304436582073,52.45074399674,51.3155,558.2403471190778,608.6288414673148,558.2403471190778
2026-02-04 09:30:00+00:00,76097.0,75857.84962513833,73210.95207703192,0.13293890556121746,52.47293849836352,52.545614435456,51.881,558.2403471190778,608.6288414673148,558.2403471190778
2026-02-04 09:45:00+00:00,76119.0,75853.71687520461,73216.2775058419,0.14797833135230903,52.44561458927465,52.525265294366,51.6525,558.2403471190778,608.6288414673148,558.2403471190778
2026-02-04 10:00:00+00:00,76149.99,75843.338157733,73215.44954946634,0.1716400108973351,52.52000311561756,52.59718474628,51.7885,558.2403471190778,608.6288414673148,558.2403471190778
2026-02-04 10:15:00+00:00,76115.46,75838.03236073435,73219.44881088064,0.15587391423568148,52.630742922603126,52.716782936731,51.947,558.2403471190778,608.6288414673148,558.2403471190778
2026-02-04 10:30:00+00:00,76263.73,75830.92685583966,73218.48692416903,0.2435052679338749,52.52593198380673,52.607638782398,52.0925,558.2403471190778,608.6288414673148,558.2403471190778
2026-02-04 10:45:00+00:00,76302.1,75824.78201615656,73221.57782950078,0.26944088154924384,52.5378201343095,52.617962682948,52.197,558.2403471190778,608.6288414673148,558.2403471190778
2026-02-04 11:00:00+00:00,75817.36,75819.08299401963,73194.64456112984,-0.0009676458100942034,52.99268137645154,53.071323294346,52.626,558.2403471190778,608.6288414673148,558.2403471190778
2026-02-04 11:15:00+00:00,75847.2,75810.55341597686,73195.58514460146,0.020651580448272852,52.95765342382214,53.031566176823,52.707,558.2403471190778,608.6288414673148,558.2403471190778
2026-02-04 11:30:00+00:00,76035.99,75804.31039527433,73194.15244306155,0.13063601159979873,52.91184779895743,52.987037679086,52.684,558.2403471190778,608.6288414673148,558.2403471190778
2026-02-04 11:45:00+00:00,76017.25,75800.46719420231,73199.63793364108,0.12269434577098207,52.88288156923503,52.956257737289,52.669,558.2403471190778,608.6288414673148,558.2403471190778
2026-02-04 12:00:00+00:00,76110.88,75790.44163158615,73197.61634481135,0.18180642157664217,52.89371610459762,52.969853162194,52.6755,558.2403471190778,608.6288414673148,558.2403471190778
2026-02-04 12:15:00+00:00,76071.77,75774.99525087202,73191.6080504671,0.16903205924632628,52.73713033382198,52.81405231382,52.5985,558.2403471190778,608.6288414673148,558.2403471190778
2026-02-04 12:30:00+00:00,76177.4,75760.10152865382,73184.38904305844,0.23820886880852918,52.99651767776186,53.079639447558,52.8275,558.2403471190778,608.6288414673148,558.2403471190778
2026-02-04 12:45:00+00:00,76180.85,75750.00097553992,73183.75144500802,0.24684414436769303,52.965189923296066,53.047952415144,52.812,558.2403471190778,608.6288414673148,558.2403471190778
2026-02-04 13:00:00+00:00,76112.01,75743.12515297969,73185.60875021463,0.21216357216625054,53.14760862935223,53.229093501865,53.0025,558.2403471190778,608.6288414673148,558.2403471190778
2026-02-04 13:15:00+00:00,75858.81,75732.75578356023,73176.63221790886,0.07265596415966002,53.42481991751467,53.510220338278,53.2395,558.2403471190778,608.6288414673148,558.2403471190778
2026-02-04 13:30:00+00:00,75358.07,75723.86722246218,73145.57709854384,-0.20967677122359188,53.748147185552895,53.825852220695,53.5005,558.2403471190778,608.6288414673148,558.2403471190778
2026-02-04 13:45:00+00:00,74867.0,75705.84951138934,73106.86690091593,-0.47843797941198274,54.02383260620904,54.10334490063,53.7375,558.2403471190778,608.6288414673148,558.2403471190778
2026-02-04 14:00:00+00:00,75350.76,75689.3603941422,73090.75344221735,-0.1925073186908058,53.83079583924306,53.924216432073,54.0575,558.2403471190778,608.6288414673148,558.2403471190778
2026-02-04 14:15:00+00:00,75298.81,75668.85025836783,73080.0395013602,-0.21123542557897018,53.5372628351748,53.620487744908,53.3965,558.2403471190778,608.6288414673148,558.2403471190778
2026-02-04 14:30:00+00:00,75212.01,75613.81515133988,73035.7463264981,-0.23038683185130537,54.097923456654144,54.176309495586,54.6715,558.2403471190778,608.6288414673148,558.2403471190778
2026-02-04 14:45:00+00:00,74359.53,75558.03249337745,72961.53047867234,-0.6858634942432601,54.671956891386955,54.74286038259,54.924,558.2403471190778,608.6288414673148,558.2403471190778
2026-02-04 15:00:00+00:00,74850.04,75500.57277254527,72905.8590709734,-0.37117350426715584,54.59708122597888,54.68601128056,54.426,558.2403471190778,608.6288414673148,558.2403471190778
2026-02-04 15:15:00+00:00,74911.68,75450.65847199518,72866.69541170818,-0.3085937951699284,54.55927838885941,54.642928847262,54.306,558.2403471190778,608.6288414673148,558.2403471190778
2026-02-04 15:30:00+00:00,74363.46,75398.28467003725,72813.5399696496,-0.594271934057743,55.182598100437595,55.263606592345,54.8165,558.2403471190778,608.6288414673148,558.2403471190778
2026-02-04 15:45:00+00:00,74136.36,75361.15178089675,72784.79597534375,-0.7065931506336773,55.379983858733915,55.467646230538,55.015,558.2403471190778,608.6288414673148,558.2403471190778
2026-02-04 16:00:00+00:00,73896.34,75312.51236214407,72744.78002733047,-0.8208472179498849,55.65338613883609,55.73865511673,55.352,558.2403471190778,608.6288414673148,558.2403471190778
2026-02-04 16:15:00+00:00,74150.0,75244.32336513721,72685.58776123574,-0.6351815436203905,55.349658913565655,55.438792648301,55.236,558.2403471190778,608.6288414673148,558.2403471190778
2026-02-04 16:30:00+00:00,73113.02,75161.65302967107,72574.25742575247,-1.1833001494084971,56.448090872406,56.533389936064,56.3385,558.2403471190778,608.6288414673148,558.2403471190778
2026-02-04 16:45:00+00:00,73636.01,75119.02927566247,72531.9529184589,-0.8534211483368818,56.26103567769215,56.360606415498,56.149,558.2403471190778,608.6288414673148,558.2403471190778
2026-02-04 17:00:00+00:00,73608.88,75045.00871071403,72469.59058496557,-0.8299749515049818,56.514815970898816,56.616856694129,57.228,558.2403471190778,608.6288414673148,558.2403471190778
2026-02-04 17:15:00+00:00,72473.56,74937.54662751354,72299.36927682931,-1.399284718718119,57.2607286191576,57.349648398998,57.249,558.2403471190778,608.6288414673148,558.2403471190778
2026-02-04 17:30:00+00:00,72769.18,74825.98182866852,72195.94660620646,-1.168460190274127,58.20401386704647,58.31998585443,57.5235,558.2403471190778,608.6288414673148,558.2403471190778
2026-02-04 17:45:00+00:00,72576.08,74784.54631183852,72163.09113577475,-1.2601063275009428,58.98370080831077,59.115077566588,58.3265,558.2403471190778,608.6288414673148,558.2403471190778
2026-02-04 18:00:00+00:00,72858.9,74728.22247781674,72113.52741411414,-1.0669224316718153,58.89532022616007,59.016259907028,59.33,558.2403471190778,608.6288414673148,558.2403471190778
2026-02-04 18:15:00+00:00,73416.02,74728.75638452108,72106.09744835534,-0.7441062545513674,58.55511625046861,58.678380261578,59.3275,558.2403471190778,608.6288414673148,558.2403471190778
2026-02-04 18:30:00+00:00,74002.0,74748.42287455621,72115.68449927581,-0.4198392855219571,56.80582610383833,56.928897157777,55.959,558.2403471190778,608.6288414673148,558.2403471190778
2026-02-04 18:45:00+00:00,73425.96,74796.71108704757,72153.60551112506,-0.7711818144559085,56.91590752003298,57.030492783889,56.7115,558.2403471190778,608.6288414673148,558.2403471190778
2026-02-04 19:00:00+00:00,73532.36,74835.19003736522,72199.43892261932,-0.7347167903654354,56.63842120694298,56.751629021083,56.364,558.2403471190778,608.6288414673148,558.2403471190778
2026-02-04 19:15:00+00:00,73153.81,74820.61507217097,72186.48703676692,-0.9428936917911024,56.771599559075646,56.885717726801,56.633,558.2403471190778,608.6288414673148,558.2403471190778
2026-02-04 19:30:00+00:00,73604.47,74803.2091132071,72167.38539660984,-0.6755173806327541,56.065041161923,56.182792636357,56.0005,558.2403471190778,608.6288414673148,558.2403471190778
2026-02-04 19:45:00+00:00,73923.29,74791.07836531606,72159.2496373327,-0.48867888770527157,55.74823532668154,55.86024443022,55.628,558.2403471190778,608.6288414673148,558.2403471190778
2026-02-04 20:00:00+00:00,73535.6,74781.0462888779,72150.5909531962,-0.7035169336448939,55.97377934347784,56.079555645959,55.8385,558.2403471190778,608.6288414673148,558.2403471190778
2026-02-04 20:15:00+00:00,73589.27,74765.47286838018,72144.71451485714,-0.6665918753820734,55.6861939078466,55.787761578402,55.5915,558.2403471190778,608.6288414673148,558.2403471190778
2026-02-04 20:30:00+00:00,73649.3,74719.3377749644,72109.26779635444,-0.6085111784212957,55.64687053659972,55.763832907417,55.5795,558.2403471190778,608.6288414673148,558.2403471190778
2026-02-04 20:45:00+00:00,73516.3,74697.35304900803,72096.30042683339,-0.6745192193314379,55.71295821104653,55.827529782588,55.612,558.2403471190778,608.6288414673148,558.2403471190778
2026-02-04 21:00:00+00:00,73569.13,74654.76472386789,72063.96483642436,-0.6221155727062233,55.7189335537532,55.835664408823,55.6145,558.2403471190778,608.6288414673148,558.2403471190778
2026-02-04 21:15:00+00:00,73092.2,74637.27552010695,72020.83740969835,-0.8793042962269256,56.02917348456552,56.148696160341,55.817,558.2403471190778,608.6288414673148,558.2403471190778
2026-02-04 21:30:00+00:00,72639.97,74613.5486734435,71975.27798060668,-1.1169677761687231,56.235664428986375,56.345316709618,57.2765,558.2403471190778,608.6288414673148,558.2403471190778
2026-02-04 21:45:00+00:00,72799.99,74571.74249022,71940.28566264521,-1.0039945892270856,56.339139008005866,56.468822598088,56.2635,558.2403471190778,608.6288414673148,558.2403471190778
2026-02-04 22:00:00+00:00,72331.65,74482.70385843968,71836.3465369041,-1.2150947198131838,57.38299380786837,57.529087108558,57.081,558.2403471190778,608.6288414673148,558.2403471190778
2026-02-04 22:15:00+00:00,73510.02,74453.46752757138,71651.9357653099,-0.498744166215406,56.636804642854955,56.76058843621,56.0745,558.2403471190778,608.6288414673148,558.2403471190778
2026-02-04 22:30:00+00:00,72792.83,74430.0386691722,71580.69378431313,-0.8547173979540936,56.847551834013466,56.968004011903,56.352,558.2403471190778,608.6288414673148,558.2403471190778
2026-02-04 22:45:00+00:00,72543.38,74411.04628607784,71565.37512708659,-0.9778544789240977,57.22346613406237,57.34714644041,57.1595,558.2403471190778,608.6288414673148,558.2403471190778
2026-02-04 23:00:00+00:00,72849.91,74387.27667378716,71543.25942151052,-0.8035741412314575,57.14392141170042,57.269763014777,56.902,558.2403471190778,608.6288414673148,558.2403471190778
2026-02-04 23:15:00+00:00,73380.95,74366.73639577528,71506.02708824811,-0.5102754004140706,56.83383733389529,56.955921249217,56.5835,558.2403471190778,608.6288414673148,558.2403471190778
2026-02-04 23:30:00+00:00,73383.5,74353.1471407386,71503.06689061293,-0.5037737588342378,56.74131662862253,56.858920984702,56.843,558.2403471190778,608.6288414673148,558.2403471190778
2026-02-04 23:45:00+00:00,73165.83,74340.27020304555,71496.14377644898,-0.6123269519560812,56.73365723727882,56.856671519428,56.5115,558.2403471190778,608.6288414673148,558.2403471190778
2026-02-05 00:00:00+00:00,72778.45,74322.98785095922,71475.9555983525,-0.8064837816043009,57.003581169796355,57.125796382207,56.7845,558.2403471190778,608.6288414673148,558.2403471190778
2026-02-05 00:15:00+00:00,73252.79,74302.81165468496,71446.2779089412,-0.5445678770394479,56.56198413055022,56.701194450854,56.3275,558.2403471190778,608.6288414673148,558.2403471190778
2026-02-05 00:30:00+00:00,73103.03,74286.74769467166,71438.90692481541,-0.616376948227657,56.55265408045381,56.671379204402,56.305,558.2403471190778,608.6288414673148,558.2403471190778
2026-02-05 00:45:00+00:00,72868.02,74276.35820224189,71433.97474527716,-0.7359026972475007,56.7998269616095,56.914839711891,56.5885,558.2403471190778,608.6288414673148,558.2403471190778
2026-02-05 01:00:00+00:00,73170.71,74257.89725968814,71418.59229215371,-0.5674716194107225,56.4255830654108,56.544056720787,56.162,558.2403471190778,608.6288414673148,558.2403471190778
2026-02-05 01:15:00+00:00,72967.15,74214.25838715928,71383.18232734482,-0.653582415689008,56.74531694898543,56.874614881406,57.027,558.2403471190778,608.6288414673148,558.2403471190778
2026-02-05 01:30:00+00:00,72635.05,74172.70188718452,71343.90480775195,-0.8081132477569555,56.99746163533841,57.140897743992,56.265,558.2403471190778,608.6288414673148,558.2403471190778
2026-02-05 01:45:00+00:00,72421.26,74147.44164460829,71325.712825303,-0.9106881815619742,57.023043863055236,57.159125174697,56.8095,558.2403471190778,608.6288414673148,558.2403471190778
2026-02-05 02:00:00+00:00,72044.96,74113.59158071091,71291.92045888562,-1.0939541834482671,57.4473177541318,57.575221313989,57.154,558.2403471190778,608.6288414673148,558.2403471190778
2026-02-05 02:15:00+00:00,72325.59,74060.09967217976,71244.19561825256,-0.9170561133887132,57.47210153375184,57.60164356441,57.1635,558.2403471190778,608.6288414673148,558.2403471190778
2026-02-05 02:30:00+00:00,72588.0,74029.92852588418,71219.70310308576,-0.7623977369449032,57.2432613977805,57.37195402667,56.8995,558.2403471190778,608.6288414673148,558.2403471190778
2026-02-05 02:45:00+00:00,71454.44,73955.26253147308,71057.21533826775,-1.2908199343174607,58.35651752714116,58.470785525939,57.626,558.2403471190778,608.6288414673148,558.2403471190778
2026-02-05 03:00:00+00:00,71525.52,73882.57062402944,70996.95066990034,-1.2207312769722332,58.70531594602267,58.828919692045,58.269,558.2403471190778,608.6288414673148,558.2403471190778
2026-02-05 03:15:00+00:00,71515.6,73843.68650409431,70969.76090328347,-1.2104896315733216,58.89165597665382,59.008548493588,58.5375,558.2403471190778,608.6288414673148,558.2403471190778
2026-02-05 03:30:00+00:00,71446.0,73789.65528340907,70927.3528720338,-1.2237617188296652,58.884305528790684,58.991742017266,58.5665,558.2403471190778,608.6288414673148,558.2403471190778
2026-02-05 03:45:00+00:00,71223.25,73747.12212478326,70890.13315041864,-1.3220209881494582,58.96081411547025,59.070474914952,58.6505,558.2403471190778,608.6288414673148,558.2403471190778
2026-02-05 04:00:00+00:00,70950.65,73642.77867101596,70786.03394752777,-1.41193423134101,59.427080359677944,59.53138789191,59.3525,558.2403471190778,608.6288414673148,558.2403471190778
2026-02-05 04:15:00+00:00,71028.32,73579.73703331676,70734.39240298467,-1.3422795800409963,59.81955665450539,59.935131801534,59.322,558.2403471190778,608.6288414673148,558.2403471190778
2026-02-05 04:30:00+00:00,71354.81,73512.80024531898,70660.25857705736,-1.1292679484090915,59.23297308458927,59.352382684249,58.8205,558.2403471190778,608.6288414673148,558.2403471190778
2026-02-05 04:45:00+00:00,70888.08,73464.99029766161,70584.09840371691,-1.338863539790388,59.77243260443007,59.89503634154,59.369,558.2403471190778,608.6288414673148,558.2403471190778
2026-02-05 05:00:00+00:00,70843.37,73390.7743305581,70522.5587876396,-1.329223335486802,59.57525008881169,59.69560190659,59.259,558.2403471190778,608.6288414673148,558.2403471190778
2026-02-05 05:15:00+00:00,70433.11,73274.6739939393,70387.36796171952,-1.4757600507819215,59.816934731970726,59.944834091579,58.43,558.2403471190778,608.6288414673148,558.2403471190778
2026-02-05 05:30:00+00:00,71019.55,73214.2647613889,70271.823975597,-1.1129533274802281,58.91169012870178,59.038812692171,58.2915,558.2403471190778,608.6288414673148,558.2403471190778
2026-02-05 05:45:00+00:00,70732.72,73162.13527928328,70216.23694061181,-1.2325194645216466,58.953130333168716,59.079697032701,58.289,558.2403471190778,608.6288414673148,558.2403471190778
2026-02-05 06:00:00+00:00,70665.79,73124.68605156372,70190.05661662169,-1.2526234387738209,58.76346429841908,58.884488381765,58.5115,558.2403471190778,608.6288414673148,558.2403471190778
2026-02-05 06:15:00+00:00,70527.13,73085.7199228872,70160.27469973257,-1.3085030106489746,58.76493325079052,58.883648061547,58.5035,558.2403471190778,608.6288414673148,558.2403471190778
2026-02-05 06:30:00+00:00,70884.57,73054.24194849057,70122.27124643233,-1.1040576528666182,58.236392587915695,58.35340656585,57.9835,558.2403471190778,608.6288414673148,558.2403471190778
2026-02-05 06:45:00+00:00,70951.51,73025.45182691977,70104.3527598978,-1.05864012242814,58.02373421658816,58.134071785554,57.732,558.2403471190778,608.6288414673148,558.2403471190778
2026-02-05 07:00:00+00:00,71098.99,72981.72947088546,70068.58832984036,-0.96242654517946,57.845240248083115,57.957179344763,57.5375,558.2403471190778,608.6288414673148,558.2403471190778
2026-02-05 07:15:00+00:00,71416.83,72959.7405068249,70038.86116762407,-0.7847106960576228,57.65545051883695,57.765542989096,57.368,558.2403471190778,608.6288414673148,558.2403471190778
2026-02-05 07:30:00+00:00,71161.07,72927.74615133993,70006.25807030166,-0.8997267833799569,58.3605991975982,58.489424565182,58.0995,558.2403471190778,608.6288414673148,558.2403471190778
2026-02-05 07:45:00+00:00,70756.85,72897.41231298796,69956.83340791069,-1.0857547233879683,59.5576776732223,59.686292941591,59.3085,558.2403471190778,608.6288414673148,558.2403471190778
2026-02-05 08:00:00+00:00,71079.99,72859.02192934665,69920.74066511972,-0.9008045493871016,60.47145834186662,60.60598503996,60.104,558.2403471190778,608.6288414673148,558.2403471190778
2026-02-05 08:15:00+00:00,71344.77,72829.71800753141,69896.57427424751,-0.7516902807804693,59.23609201358756,59.373277869701,58.388,558.2403471190778,608.6288414673148,558.2403471190778
2026-02-05 08:30:00+00:00,71252.73,72809.89446397692,69887.12656586902,-0.7915004563114035,58.231699201110686,58.355924155628,57.9675,558.2403471190778,608.6288414673148,558.2403471190778
2026-02-05 08:45:00+00:00,71054.99,72793.69273652053,69878.29180165622,-0.8871801431797478,58.05232731303831,58.181936218909,57.7775,558.2403471190778,608.6288414673148,558.2403471190778
2026-02-05 09:00:00+00:00,71823.45,72772.26000224864,69783.6326405947,-0.46943028660687547,57.47022087704195,57.59475099374,56.4885,558.2403471190778,608.6288414673148,558.2403471190778
2026-02-05 09:15:00+00:00,71736.95,72755.33907579003,69776.90412579448,-0.5058587726701431,57.57851869536208,57.692565662489,57.3085,558.2403471190778,608.6288414673148,558.2403471190778
2026-02-05 09:30:00+00:00,71483.39,72731.06340099724,69755.08012599306,-0.621259734069312,57.78207631613416,57.889008468376,57.5155,558.2403471190778,608.6288414673148,558.2403471190778
2026-02-05 09:45:00+00:00,71550.0,72715.5261472484,69750.0517482115,-0.582120903356652,57.58580553532826,57.689065376274,57.3085,558.2403471190778,608.6288414673148,558.2403471190778
2026-02-05 10:00:00+00:00,71493.96,72701.06289981911,69745.88679970661,-0.6052055452449239,57.81927197474089,57.932115870395,57.547,558.2403471190778,608.6288414673148,558.2403471190778
2026-02-05 10:15:00+00:00,71716.42,72686.75177771242,69730.68853304812,-0.4855437767357788,57.4819451251836,57.591333685881,57.202,558.2403471190778,608.6288414673148,558.2403471190778
2026-02-05 10:30:00+00:00,71365.95,72675.7383871551,69701.08627075283,-0.6527638252060521,57.65351889249902,57.762695368652,57.3735,558.2403471190778,608.6288414673148,558.2403471190778
2026-02-05 10:45:00+00:00,70858.13,72646.44767834127,69621.67528791797,-0.8791077461181122,58.28171598442382,58.391913078995,57.5585,558.2403471190778,608.6288414673148,558.2403471190778
2026-02-05 11:00:00+00:00,70792.79,72613.35165952262,69599.80332906217,-0.8985636105000646,58.40571797079287,58.502701334969,57.991,558.2403471190778,608.6288414673148,558.2403471190778
2026-02-05 11:15:00+00:00,70065.4,72516.09620666472,69416.02326754101,-1.1803207490875591,59.63568452298269,59.725775836691,59.6355,558.2403471190778,608.6288414673148,558.2403471190778
2026-02-05 11:30:00+00:00,70493.71,72465.72858600116,69344.2133245275,-0.9399138228013283,58.87694052853507,58.982166098789,58.4295,558.2403471190778,608.6288414673148,558.2403471190778
2026-02-05 11:45:00+00:00,70318.35,72426.62197786506,69312.04492587627,-1.0081101931819376,58.718957617993,58.822552586879,57.9805,558.2403471190778,608.6288414673148,558.2403471190778
2026-02-05 12:00:00+00:00,69918.01,72385.96349962655,69256.84917329333,-1.1774899183925969,58.53209262646817,58.637768295452,58.062,558.2403471190778,608.6288414673148,558.2403471190778
2026-02-05 12:15:00+00:00,69640.86,72248.57382370319,69123.28226027715,-1.2469576198782457,61.365435360446405,61.473260534692,60.3745,558.2403471190778,608.6288414673148,558.2403471190778
2026-02-05 12:30:00+00:00,69327.77,72193.38095551773,69064.62793069085,-1.371251968814016,62.306965511189496,62.418722608493,61.6845,558.2403471190778,608.6288414673148,558.2403471190778
2026-02-05 12:45:00+00:00,69563.57,72138.6732210212,69013.75300526233,-1.231219364157405,62.15490972504644,62.272855662068,61.4635,558.2403471190778,608.6288414673148,558.2403471190778
2026-02-05 13:00:00+00:00,69488.08,72105.3674860851,68992.40109424788,-1.2566786476629836,61.635005278019364,61.749376966764,61.229,558.2403471190778,608.6288414673148,558.2403471190778
2026-02-05 13:15:00+00:00,69294.31,72065.7908555497,68962.19603602629,-1.3362942942496527,62.135246706019686,62.254573652077,61.764,558.2403471190778,608.6288414673148,558.2403471190778
2026-02-05 13:30:00+00:00,69434.09,72008.74432722367,68916.81395703174,-1.2444216832923802,61.86169156100498,61.975113576662,61.4975,558.2403471190778,608.6288414673148,558.2403471190778
2026-02-05 13:45:00+00:00,69688.94,71955.11591673477,68870.67093685435,-1.095618310958194,61.17856090736501,61.295174822048,60.807,558.2403471190778,608.6288414673148,558.2403471190778
2026-02-05 14:00:00+00:00,69740.76,71904.35937878992,68832.86368544001,-1.0497608525215718,61.10780902269759,61.218673603458,60.597,558.2403471190778,608.6288414673148,558.2403471190778
2026-02-05 14:15:00+00:00,70129.13,71860.04630028276,68796.05619223868,-0.8393365075653424,60.96574198567327,61.069657209132,60.6315,558.2403471190778,608.6288414673148,558.2403471190778
2026-02-05 14:30:00+00:00,70436.0,71782.31199292338,68729.20347802163,-0.6534249950346485,61.38698294446121,61.481558922895,60.165,558.2403471190778,608.6288414673148,558.2403471190778
2026-02-05 14:45:00+00:00,69404.76,71723.9082213088,68647.39221860183,-1.1245873931403418,62.6128404658353,62.70050634478,61.0145,558.2403471190778,608.6288414673148,558.2403471190778
2026-02-05 15:00:00+00:00,68014.24,71515.91646407222,68406.44516452259,-1.6940236200325494,66.6112878090141,66.725725810152,65.5185,558.2403471190778,439.5474359371023,558.2403471190778
2026-02-05 15:15:00+00:00,66851.99,71224.51810407525,68101.01559711552,-2.1191680233544874,70.3775567981867,70.497822726589,69.997,558.2403471190778,439.5474359371023,558.2403471190778
2026-02-05 15:30:00+00:00,67519.99,70992.82371627279,67878.03636892067,-1.6768190654658515,77.15903617690533,77.344438090136,77.9635,299.2144869031509,439.5474359371023,337.0446677136003
2026-02-05 15:45:00+00:00,67489.07,70878.1387415635,67779.3145968599,-1.6439904645821877,74.13301494443837,74.252317185506,74.1555,299.2144869031509,439.5474359371023,337.0446677136003
2026-02-05 16:00:00+00:00,67046.11,70775.32459892184,67682.56295803636,-1.8171756012456584,75.05598848258455,75.201301447457,73.246,299.2144869031509,439.5474359371023,337.0446677136003
2026-02-05 16:15:00+00:00,68175.28,70673.2107288873,67536.30566985018,-1.1888835773694577,72.9153902147249,73.069527359179,72.38,299.2144869031509,439.5474359371023,337.0446677136003
2026-02-05 16:30:00+00:00,67873.52,70597.29286810393,67470.6335401991,-1.3028604799557966,71.53681725691443,71.682663423237,69.8235,299.2144869031509,439.5474359371023,337.0446677136003
2026-02-05 16:45:00+00:00,68295.15,70542.29785569028,67420.96114844615,-1.0730079086129156,69.83058906929907,69.968895608315,68.1545,299.2144869031509,439.5474359371023,337.0446677136003
2026-02-05 17:00:00+00:00,67254.51,70445.69904185121,67288.90647602665,-1.5167287592057417,71.00883372783355,71.138653848088,69.247,299.2144869031509,439.5474359371023,337.0446677136003
2026-02-05 17:15:00+00:00,67409.23,70296.75801304026,67156.60666794212,-1.3767577447243489,71.26963136345537,71.408061631926,69.5185,299.2144869031509,439.5474359371023,337.0446677136003
2026-02-05 17:30:00+00:00,67109.93,70190.40049898818,67061.80913630273,-1.47640288494063,71.20598135836251,71.345464466337,69.504,299.2144869031509,439.5474359371023,337.0446677136003
2026-02-05 17:45:00+00:00,66181.69,70109.88102520663,66954.61507260341,-1.8782241913857545,72.07956588352819,72.213482281585,71.101,299.2144869031509,439.5474359371023,337.0446677136003
2026-02-05 18:00:00+00:00,66448.92,70018.24517462347,66875.00661911552,-1.708742506668083,73.07085184935855,73.212622829986,71.268,299.2144869031509,439.5474359371023,337.0446677136003
2026-02-05 18:15:00+00:00,65851.28,69863.72003034815,66722.43785095123,-1.9285091293489451,75.83330081365477,75.994896655468,73.9335,299.2144869031509,439.5474359371023,337.0446677136003
2026-02-05 18:30:00+00:00,65766.86,69766.3072961375,66640.12925680766,-1.9315984925611682,77.54868476836072,77.704909837733,75.6285,299.2144869031509,439.5474359371023,337.0446677136003
2026-02-05 18:45:00+00:00,66347.0,69685.74826990289,66559.04050227463,-1.6042610464041296,77.0670723880038,77.26568334127,76.7765,299.2144869031509,439.5474359371023,337.0446677136003
2026-02-05 19:00:00+00:00,66300.03,69630.57942634982,66517.22731938113,-1.607250244509364,75.69421042235017,75.864378352829,74.4905,299.2144869031509,439.5474359371023,337.0446677136003
2026-02-05 19:15:00+00:00,65864.3,69581.00016250656,66470.16918076658,-1.8002965453979054,76.13784090838185,76.293335628735,74.244,299.2144869031509,439.5474359371023,337.0446677136003
2026-02-05 19:30:00+00:00,65806.59,69524.14813516448,66426.61823824984,-1.8086429506878854,76.8044263928692,76.968806909217,74.9155,299.2144869031509,439.5474359371023,337.0446677136003
2026-02-05 19:45:00+00:00,65265.65,69447.50942224161,66347.58469221741,-2.04008237059634,77.42266061592929,77.577636565602,75.496,299.2144869031509,439.5474359371023,337.0446677136003
2026-02-05 20:00:00+00:00,65051.38,69367.74320177293,66279.63335245517,-2.1161241010839795,78.53832286989929,78.692874045495,76.559,299.2144869031509,439.5474359371023,337.0446677136003
2026-02-05 20:15:00+00:00,63866.59,69037.86665152658,65893.69800478737,-2.5055201558071403,84.18168030882659,84.367159043284,82.1975,299.2144869031509,304.82746931177417,337.0446677136003
2026-02-05 20:30:00+00:00,63666.94,68857.05961682301,65729.83014770395,-2.529071503133622,86.15368251510304,86.294581911175,86.078,299.2144869031509,304.82746931177417,337.0446677136003
2026-02-05 20:45:00+00:00,63775.67,68632.21276734554,65525.475780059234,-2.376473269018254,93.98281058140967,94.200435056261,91.76,205.09701796360065,304.82746931177417,246.61431616994398
2026-02-05 21:00:00+00:00,63432.34,68502.21517450165,65402.15283547694,-2.490523131848212,94.31522165462496,94.490359392692,94.0895,205.09701796360065,304.82746931177417,246.61431616994398
2026-02-05 21:15:00+00:00,63969.92,68403.2355445,65293.88787671758,-2.160513061275449,96.01555859453212,96.195427840673,93.646,205.09701796360065,304.82746931177417,246.61431616994398
2026-02-05 21:30:00+00:00,63696.29,68319.89976756292,65218.92814178263,-2.2628438668440363,96.23269650341445,96.403617294885,96.234,205.09701796360065,304.82746931177417,246.61431616994398
2026-02-05 21:45:00+00:00,63213.34,68252.44544426001,65145.47299012498,-2.4693229325431907,96.34566449360675,96.546979150621,95.5645,205.09701796360065,304.82746931177417,246.61431616994398
2026-02-05 22:00:00+00:00,63525.09,68135.49119079996,65033.97616209427,-2.255817945710482,95.55175391449887,95.751229539483,93.2125,205.09701796360065,304.82746931177417,246.61431616994398
2026-02-05 22:15:00+00:00,64099.37,68047.59405933044,64925.09041603292,-1.9087312063401536,94.63570265386598,94.843225433886,95.2055,205.09701796360065,304.82746931177417,246.61431616994398
2026-02-05 22:30:00+00:00,64035.93,67979.69105734979,64870.85035033438,-1.91509947383806,93.7022770408017,93.886641805618,93.036,205.09701796360065,304.82746931177417,246.61431616994398
2026-02-05 22:45:00+00:00,63907.86,67935.97841405642,64838.29863205577,-1.9645697022139832,92.41776756277605,92.588861217792,90.1755,205.09701796360065,304.82746931177417,246.61431616994398
2026-02-05 23:00:00+00:00,64581.12,67879.44813994455,64737.72728794971,-1.5766641861073052,90.56817325415436,90.733920990748,88.36,205.09701796360065,304.82746931177417,246.61431616994398
2026-02-05 23:15:00+00:00,64409.83,67835.65223501096,64703.34085472501,-1.6442591907228934,88.42422787157933,88.594343240598,86.861,205.09701796360065,304.82746931177417,246.61431616994398
2026-02-05 23:30:00+00:00,63472.08,67787.42703218771,64558.34901734697,-2.021520300907197,88.24825783789962,88.409594575357,86.091,205.09701796360065,304.82746931177417,246.61431616994398
2026-02-05 23:45:00+00:00,62909.86,67721.77701936783,64467.574898157894,-2.2450279730375176,88.54173621479505,88.701824873934,86.3515,205.09701796360065,304.82746931177417,246.61431616994398
2026-02-06 00:00:00+00:00,60255.65,67355.38688832853,63491.04315191469,-2.827833185919011,93.01936588731878,93.134473966982,92.3855,205.09701796360065,304.82746931177417,246.61431616994398
2026-02-06 00:15:00+00:00,61373.3,67043.69111105733,63106.52111562448,-2.1902438196204375,95.16612788658786,95.289850845193,92.685,205.09701796360065,304.82746931177417,246.61431616994398
2026-02-06 00:30:00+00:00,62965.51,66935.3911061803,62823.7964922839,-1.44668598540071,92.1602677591645,92.334520959716,92.576,205.09701796360065,304.82746931177417,246.61431616994398
2026-02-06 00:45:00+00:00,63509.39,66868.96925718142,62754.426841740344,-1.2175385350370491,90.56639676912579,90.712450851267,91.023,205.09701796360065,304.82746931177417,246.61431616994398
2026-02-06 01:00:00+00:00,64325.16,66806.1696884671,62673.737063731096,-0.8890253733592433,88.0345415308721,88.191951232293,88.3295,205.09701796360065,304.82746931177417,246.61431616994398
2026-02-06 01:15:00+00:00,64112.75,66747.68786701027,62630.86366381199,-0.9489979935880651,86.30019893251126,86.41602066691,84.173,205.09701796360065,304.82746931177417,246.61431616994398
2026-02-06 01:30:00+00:00,64731.0,66705.24664789597,62585.028652816894,-0.7068198976249653,85.14502682065947,85.279059486773,84.387,205.09701796360065,304.82746931177417,246.61431616994398
2026-02-06 01:45:00+00:00,65714.96,66673.9126304849,62519.96357881903,-0.33781238122610885,83.05773734102313,83.176239004964,81.081,205.09701796360065,304.82746931177417,246.61431616994398
2026-02-06 02:00:00+00:00,64854.12,66637.02935348816,62469.05449349646,-0.6298270244231832,82.59351345842151,82.707764615772,80.4205,205.09701796360065,304.82746931177417,246.61431616994398
2026-02-06 02:15:00+00:00,64612.73,66586.43771338131,62433.69711787273,-0.7008876836419793,82.38340544169736,82.49859053265,81.013,205.09701796360065,304.82746931177417,246.61431616994398
2026-02-06 02:30:00+00:00,65189.82,66550.0145322893,62400.0201289782,-0.48107694994081696,80.63132193163483,80.737049482873,78.63,205.09701796360065,304.82746931177417,246.61431616994398
2026-02-06 02:45:00+00:00,64990.1,66492.75216133389,62359.127088734414,-0.5342076885167958,80.1059804146818,80.218800070492,78.138,205.09701796360065,304.82746931177417,246.61431616994398
2026-02-06 03:00:00+00:00,64424.31,66439.62279644459,62301.28191824644,-0.7184370744113369,78.94962928531848,79.048075316253,76.984,205.09701796360065,304.82746931177417,246.61431616994398
2026-02-06 03:15:00+00:00,64700.01,66411.6838555707,62284.16868001692,-0.6104111012633496,77.69375045766748,77.789880840723,75.7885,205.09701796360065,304.82746931177417,246.61431616994398
2026-02-06 03:30:00+00:00,64492.28,66386.87910331367,62272.263299019956,-0.6787841065059039,76.76027867820817,76.850522563843,74.8345,205.09701796360065,304.82746931177417,246.61431616994398
2026-02-06 03:45:00+00:00,64168.33,66348.83829539017,62243.46241216241,-0.7847588007771954,76.41352776206914,76.506172858923,74.5075,205.09701796360065,304.82746931177417,246.61431616994398
2026-02-06 04:00:00+00:00,64487.44,66276.98376088028,62182.348404960685,-0.6438346891953686,75.67189833951772,75.767923561344,74.3325,205.09701796360065,304.82746931177417,246.61431616994398
2026-02-06 04:15:00+00:00,64911.47,66228.65811195006,62137.291570659465,-0.4725550245860777,74.08187692897071,74.161845854538,72.2195,205.09701796360065,304.82746931177417,246.61431616994398
2026-02-06 04:30:00+00:00,64769.63,66183.01103882701,62107.17377687338,-0.5094288474006374,73.87665994808151,73.961388669579,72.0135,205.09701796360065,304.82746931177417,246.61431616994398
2026-02-06 04:45:00+00:00,64905.84,66150.34738397104,62089.298250816995,-0.4496587904667424,73.82989702566739,73.916617868967,71.973,205.09701796360065,304.82746931177417,246.61431616994398
2026-02-06 05:00:00+00:00,65526.06,66111.40952905259,62027.677575868256,-0.2092219133153585,73.45915428692612,73.546541950619,71.604,205.09701796360065,304.82746931177417,246.61431616994398
2026-02-06 05:15:00+00:00,65466.12,66048.54207019953,61982.57115151764,-0.20910428653150204,73.63834836287614,73.724419862961,71.786,205.09701796360065,304.82746931177417,246.61431616994398
2026-02-06 05:30:00+00:00,65978.41,66010.60550750406,61934.866796644135,-0.011482074885847477,73.37219308386653,73.464265225509,71.5305,205.09701796360065,304.82746931177417,246.61431616994398
2026-02-06 05:45:00+00:00,66408.11,65985.37706020946,61907.22999205507,0.15015074769814446,73.16445447916641,73.258481276577,71.2895,205.09701796360065,304.82746931177417,246.61431616994398
2026-02-06 06:00:00+00:00,66176.69,65968.57732886788,61901.89904597488,0.07425445408451735,72.80355301228423,72.892290516631,71.011,205.09701796360065,304.82746931177417,246.61431616994398
2026-02-06 06:15:00+00:00,65841.6,65946.59853533366,61887.4148423101,-0.03762354907810208,72.89964422345952,72.985996470344,71.071,205.09701796360065,304.82746931177417,246.61431616994398
2026-02-06 06:30:00+00:00,65082.62,65925.40021953089,61839.826219590825,-0.3016651872867864,73.25377994202503,73.323401434135,71.853,205.09701796360065,304.82746931177417,246.61431616994398
2026-02-06 06:45:00+00:00,64988.26,65902.17017691767,61831.635341414476,-0.32854981977289266,74.2863692849643,74.369022075422,72.7,205.09701796360065,304.82746931177417,246.61431616994398
2026-02-06 07:00:00+00:00,65040.06,65853.60170664958,61800.08696627707,-0.29350373747448555,75.38030840881859,75.47355196021,73.497,205.09701796360065,304.82746931177417,246.61431616994398
2026-02-06 07:15:00+00:00,64998.22,65830.43771099133,61792.377849277436,-0.3014683773839483,74.89547252825153,74.987088233633,73.01,205.09701796360065,304.82746931177417,246.61431616994398
2026-02-06 07:30:00+00:00,65209.87,65800.27067037059,61775.18608906881,-0.21418254858302568,73.80774000190556,73.910449948851,71.9895,205.09701796360065,304.82746931177417,246.61431616994398
2026-02-06 07:45:00+00:00,64856.0,65767.06770480101,61749.73549117865,-0.33198235385920266,74.92591091031665,75.026860291752,73.0565,205.09701796360065,304.82746931177417,246.61431616994398
2026-02-06 08:00:00+00:00,65108.9,65742.73112859477,61735.63240419711,-0.23107471060863582,74.58408133365411,74.68713238153,72.723,205.09701796360065,304.82746931177417,246.61431616994398
2026-02-06 08:15:00+00:00,64821.21,65712.31783964406,61714.21723029662,-0.3262644666360185,74.1167447643236,74.213798633987,72.2465,205.09701796360065,304.82746931177417,246.61431616994398
2026-02-06 08:30:00+00:00,64769.27,65686.74110499673,61703.92828214854,-0.33731284446085746,74.20365853649335,74.313367144556,72.4005,205.09701796360065,304.82746931177417,246.61431616994398
2026-02-06 08:45:00+00:00,64895.05,65672.91130909906,61703.52319590978,-0.28667302258852106,73.75095752557762,73.847618078414,71.8745,205.09701796360065,304.82746931177417,246.61431616994398
2026-02-06 09:00:00+00:00,65114.44,65643.2013793125,61685.52825048237,-0.19508902643093215,73.5383789695142,73.643664637623,72.011,205.09701796360065,304.82746931177417,246.61431616994398
2026-02-06 09:15:00+00:00,65631.89,65623.9810631042,61659.62153427036,0.0029010122728848928,72.35971027131399,72.469854011567,70.976,205.09701796360065,304.82746931177417,246.61431616994398
2026-02-06 09:30:00+00:00,65867.64,65603.53970910594,61649.812521891836,0.09695113361630756,71.62736998897235,71.734960753514,69.867,205.09701796360065,304.82746931177417,246.61431616994398
2026-02-06 09:45:00+00:00,65799.55,65584.9535515839,61645.78272932014,0.07910764055673063,71.57155656682154,71.672923838677,69.7695,205.09701796360065,304.82746931177417,246.61431616994398
2026-02-06 10:00:00+00:00,65833.57,65570.45268066863,61645.78129159579,0.09732715173571742,71.3876251197391,71.495273808764,69.957,205.09701796360065,304.82746931177417,246.61431616994398
2026-02-06 10:15:00+00:00,66022.98,65559.85875699982,61645.495982945526,0.17151246448784313,71.04877298779138,71.147380160785,69.2785,205.09701796360065,304.82746931177417,246.61431616994398
2026-02-06 10:30:00+00:00,66065.99,65551.63158560493,61651.2279912812,0.19111573361968265,71.0771805707427,71.180454505335,69.305,205.09701796360065,304.82746931177417,246.61431616994398
2026-02-06 10:45:00+00:00,65967.51,65519.818506601994,61633.83669223843,0.16706316278823324,70.96394321392471,71.06364366658,69.185,205.09701796360065,304.82746931177417,246.61431616994398
2026-02-06 11:00:00+00:00,65943.34,65501.33193111626,61629.95711382779,0.1655895936849929,70.92312302621188,71.027316718364,69.164,205.09701796360065,304.82746931177417,246.61431616994398
2026-02-06 11:15:00+00:00,66066.23,65425.97758060974,61570.838698210304,0.24052778638847203,70.80037514815069,70.899132972601,69.0285,205.09701796360065,304.82746931177417,246.61431616994398
2026-02-06 11:30:00+00:00,66322.23,65393.19924110231,61545.964200417555,0.34898421786002376,70.85931300284358,70.95660259106,69.102,205.09701796360065,304.82746931177417,246.61431616994398
2026-02-06 11:45:00+00:00,66631.32,65378.109782440966,61534.361562203776,0.4700453977687766,70.64807641758455,70.74013790973,68.883,205.09701796360065,304.82746931177417,246.61431616994398
2026-02-06 12:00:00+00:00,66414.94,65356.99635650486,61521.62063773969,0.39827989423605814,72.11678910131899,72.197305488141,70.212,205.09701796360065,304.82746931177417,246.61431616994398
2026-02-06 12:15:00+00:00,66396.17,65271.89481103429,61454.85705280677,0.4251130620787681,74.2649412389755,74.367495523629,72.4,205.09701796360065,304.82746931177417,246.61431616994398
2026-02-06 12:30:00+00:00,66339.44,65241.80409984553,61439.42888832901,0.41676619717161406,74.18009222884066,74.280906844989,72.344,205.09701796360065,304.82746931177417,246.61431616994398
2026-02-06 12:45:00+00:00,66557.93,65210.891834732465,61417.12154607694,0.5116846598797423,74.13758492847128,74.237528286148,72.2755,205.09701796360065,0.0,246.61431616994398
2026-02-06 13:00:00+00:00,67037.01,65204.8472790908,61404.79223612404,0.6922461926380209,73.52123712845848,73.619654814352,71.716,205.09701796360065,0.0,246.61431616994398
2026-02-06 13:15:00+00:00,66935.99,65206.68765670331,61418.933471015465,0.6560759201110422,75.04767954919048,75.129011933417,73.1075,205.09701796360065,0.0,246.61431616994398
2026-02-06 13:30:00+00:00,67232.01,65191.56335835058,61410.37323944323,0.773692208797463,74.18523005464236,74.257874437023,72.292,205.09701796360065,0.0,246.61431616994398
2026-02-06 13:45:00+00:00,67316.82,65182.7223997364,61414.64925070852,0.8115322500162786,74.28604627121295,74.359153525495,72.3915,205.09701796360065,0.0,246.61431616994398
2026-02-06 14:00:00+00:00,67187.02,65161.279335003965,61407.217676900655,0.7739046877729031,74.23690229106577,74.310450230749,72.347,205.09701796360065,0.0,246.61431616994398
2026-02-06 14:15:00+00:00,67114.64,65151.06441882267,61410.59512052221,0.7533089230478641,74.46485054025138,74.537682462807,72.62,205.09701796360065,0.0,246.61431616994398
2026-02-06 14:30:00+00:00,68300.0,65152.75194881367,61391.973650715154,1.1901827192924987,72.39383114448808,72.472854835165,70.6375,205.09701796360065,0.0,246.61431616994398
2026-02-06 14:45:00+00:00,68194.89,65162.672681200296,61414.221265772474,1.1515540718032076,70.6614087976505,70.713813721643,68.906,205.09701796360065,0.0,246.61431616994398
2026-02-06 15:00:00+00:00,67933.43,65107.56190801715,61374.25183664274,1.0792718449384442,70.36656597436934,70.413914905127,68.5085,205.09701796360065,0.0,246.61431616994398
2026-02-06 15:15:00+00:00,68170.21,65040.70086804381,61323.342558614044,1.1977642974705518,69.77847886001469,69.81700514219,67.986,205.09701796360065,0.0,246.61431616994398
2026-02-06 15:30:00+00:00,68809.87,65012.7781126343,61303.29949289877,1.4492730047100195,68.96474761865014,69.013681741963,67.239,205.09701796360065,0.0,246.61431616994398
2026-02-06 15:45:00+00:00,68626.0,65024.023117809884,61326.332276662135,1.381306842329833,68.21373950222552,68.242495658767,66.4685,205.09701796360065,0.0,246.61431616994398
2026-02-06 16:00:00+00:00,69290.0,65061.41199257691,61364.793440263165,1.6147173785153879,66.245637478883,66.280762130198,64.6035,205.09701796360065,0.0,246.61431616994398
2026-02-06 16:15:00+00:00,69521.42,65090.40348166059,61403.908187645524,1.694348188388685,65.0827453694736,65.100301177055,63.389,205.09701796360065,0.0,246.61431616994398
2026-02-06 16:30:00+00:00,69802.0,65097.473022206745,61421.76504699529,1.800804060487385,64.78665278284767,64.821165114129,63.5225,205.09701796360065,0.0,246.61431616994398
2026-02-06 16:45:00+00:00,69954.01,65146.900945429836,61480.77506987705,1.8437422684157416,64.25421477700755,64.270754474705,62.599,205.09701796360065,0.0,246.61431616994398
2026-02-06 17:00:00+00:00,70225.14,65167.70141607866,61511.19500038107,1.941536522178628,63.73450721316841,63.752573261816,62.1005,205.09701796360065,0.0,246.61431616994398
2026-02-06 17:15:00+00:00,70924.57,65207.1814626143,61547.798768361215,2.182838391791647,62.57431016104932,62.593246096003,60.9685,205.09701796360065,0.0,246.61431616994398
2026-02-06 17:30:00+00:00,71075.1,65266.04485318919,61615.56352582158,2.2220892409964157,62.531504107917634,62.549457241312,60.923,205.09701796360065,0.0,246.61431616994398
2026-02-06 17:45:00+00:00,70753.53,65289.11762342783,61647.29384085094,2.1005908090126706,62.246339720525256,62.285551365076,60.6765,205.09701796360065,0.0,246.61431616994398
2026-02-06 18:00:00+00:00,70053.52,65326.46365889741,61679.024484206544,1.8239761692924634,63.02753368587114,63.070335242367,61.399,205.09701796360065,0.0,246.61431616994398
2026-02-06 18:15:00+00:00,69561.04,65345.189195381055,61701.27396460438,1.6344103521469295,63.376063095973436,63.426516784172,61.777,205.09701796360065,0.0,246.61431616994398
2026-02-06 18:30:00+00:00,70000.01,65373.15861858961,61733.91105486394,1.7908235748454815,62.35809152638543,62.406603159078,60.766,205.09701796360065,0.0,246.61431616994398
2026-02-06 18:45:00+00:00,69776.68,65385.84505311025,61756.945905519846,1.7073941369281729,62.601494939069205,62.654723227981,61.268,205.09701796360065,0.0,246.61431616994398
2026-02-06 19:00:00+00:00,69829.87,65393.8212840447,61777.0522438404,1.7303756290461454,62.51692400055367,62.583411893146,60.919,205.09701796360065,0.0,246.61431616994398
2026-02-06 19:15:00+00:00,70260.92,65414.68446259423,61800.44079058318,1.88618048277132,61.104364475693906,61.167144540046,59.557,205.09701796360065,0.0,246.61431616994398
2026-02-06 19:30:00+00:00,70388.57,65427.34492508315,61824.27894372633,1.935520721671837,60.80369172284593,60.866292360073,59.278,205.09701796360065,0.0,246.61431616994398
2026-02-06 19:45:00+00:00,70731.46,65452.29531737514,61854.84141492945,2.058214921184858,60.39522535641721,60.452469087998,58.8565,205.09701796360065,0.0,246.61431616994398
2026-02-06 20:00:00+00:00,70510.69,65469.922796516024,61881.65832363982,1.9738533576691444,60.39946697055958,60.455882785084,58.8725,205.09701796360065,0.0,246.61431616994398
2026-02-06 20:15:00+00:00,70581.56,65552.4075466944,61971.95524392212,1.9740509490509346,60.2799502512753,60.331609387723,58.7445,205.09701796360065,0.0,246.61431616994398
2026-02-06 20:30:00+00:00,70279.9,65635.76507586453,62058.685168354015,1.8298918365161865,60.72136854963027,60.77006652185,59.138,205.09701796360065,0.0,246.61431616994398
2026-02-06 20:45:00+00:00,70000.13,65740.05635730118,62165.80977870136,1.6847499117768785,61.0196336222866,61.064483913215,59.4385,205.09701796360065,0.0,246.61431616994398
2026-02-06 21:00:00+00:00,70006.4,65797.06990788673,62232.25547558777,1.6699088825679125,61.61633664582045,61.660258277905,60.0055,205.09701796360065,0.0,246.61431616994398
2026-02-06 21:15:00+00:00,70401.75,65852.36429828494,62282.04883360468,1.7976395668818181,61.95804381213789,61.999842973977,60.3575,205.09701796360065,0.0,246.61431616994398
2026-02-06 21:30:00+00:00,70285.99,65892.55978683825,62331.30064173824,1.742571463846425,62.380171684447205,62.426127300161,60.7705,205.09701796360065,0.0,246.61431616994398
2026-02-06 21:45:00+00:00,70358.43,65921.53976930249,62370.6961624589,1.764612397037081,62.4755863614187,62.530231554532,60.876,205.09701796360065,0.0,246.61431616994398
2026-02-06 22:00:00+00:00,70438.12,65976.69618516297,62434.86284163565,1.778786972540801,62.34861078131618,62.402866060508,60.687,205.09701796360065,0.0,246.61431616994398
2026-02-06 22:15:00+00:00,70812.2,66023.0425616166,62480.70853938003,1.9047855443711879,62.66673996710487,62.720574708171,61.0595,205.09701796360065,0.0,246.61431616994398
2026-02-06 22:30:00+00:00,71192.17,66075.12822180921,62531.75829170118,2.029935457286495,62.457287124013405,62.504891195921,61.2025,205.09701796360065,0.0,246.61431616994398
2026-02-06 22:45:00+00:00,71354.46,66115.15256614533,62580.129075484445,2.0817563841665687,62.70389555895203,62.760566311989,61.1025,205.09701796360065,0.0,246.61431616994398
2026-02-06 23:00:00+00:00,71121.62,66169.2036048726,62637.64157062337,1.9738703561560256,62.958703701857665,63.009730744565,61.3285,205.09701796360065,0.0,246.61431616994398
2026-02-06 23:15:00+00:00,70576.39,66209.35796597344,62654.54675363166,1.7361568338843885,63.71008945447759,63.753585557171,62.0525,205.09701796360065,0.0,246.61431616994398
2026-02-06 23:30:00+00:00,70645.22,66239.39329963265,62694.8994828602,1.7563815005616328,63.85167401638171,63.889912232641,62.456,205.09701796360065,0.0,246.61431616994398
2026-02-06 23:45:00+00:00,70580.26,66286.02425536934,62750.98993872073,1.7180477193386607,63.9778291796048,64.023828960773,62.333,205.09701796360065,0.0,246.61431616994398
2026-02-07 00:00:00+00:00,70271.66,66663.4371366481,63111.53642747758,1.4440826008040066,64.12882401667889,64.17013873487,62.4865,205.09701796360065,0.0,246.61431616994398
2026-02-07 00:15:00+00:00,70111.08,67053.1061706058,63490.44151970575,1.2252617379070025,63.99671286176879,64.043887241587,62.3545,205.09701796360065,0.0,246.61431616994398
2026-02-07 00:30:00+00:00,69734.97,67214.43174654104,63641.688580111346,1.0110153540616467,64.33723833597867,64.374518285529,62.661,205.09701796360065,0.0,246.61431616994398
2026-02-07 00:45:00+00:00,69958.0,67326.20469587778,63755.11189417227,1.0553783586557508,64.10086508626658,64.145450067079,62.4515,205.09701796360065,0.0,246.61431616994398
2026-02-07 01:00:00+00:00,69841.12,67436.37697398906,63870.51388684602,0.96743337723542,64.13599394844984,64.174586546578,62.4825,205.09701796360065,0.0,246.61431616994398
2026-02-07 01:15:00+00:00,69982.53,67497.88015128793,63939.12217081028,1.001096528943386,63.78941468189719,63.830677620461,62.151,205.09701796360065,0.0,246.61431616994398
2026-02-07 01:30:00+00:00,70287.56,67543.27100757665,63984.59909084449,1.1037124838711192,63.567715952146386,63.607900626502,61.9375,205.09701796360065,0.0,246.61431616994398
2026-02-07 01:45:00+00:00,70471.49,67605.11041463196,64052.04905864525,1.1537283918475763,63.209349767576775,63.249293628096,61.587,205.09701796360065,0.0,246.61431616994398
2026-02-07 02:00:00+00:00,70427.77,67655.2057295652,64111.79426008658,1.1198799514258657,63.157456454607306,63.195526579012,61.53,205.09701796360065,0.0,246.61431616994398
2026-02-07 02:15:00+00:00,70441.89,67703.61296215987,64170.08522523231,1.1095183577854013,63.19822317656397,63.232360399894,61.5445,205.09701796360065,0.0,246.61431616994398
2026-02-07 02:30:00+00:00,70456.7,67754.07874190835,64230.300985061935,1.0985016192992023,63.365292983992404,63.402427711286,61.737,205.09701796360065,0.0,246.61431616994398
2026-02-07 02:45:00+00:00,70361.37,67793.06372723925,64278.716643318374,1.0478186625314145,63.632442553811366,63.669305433675,62.001,205.09701796360065,0.0,246.61431616994398
2026-02-07 03:00:00+00:00,70741.07,67841.57474899378,64318.9611712631,1.1773405620244466,63.26814426144352,63.309091474876,61.656,205.09701796360065,0.0,246.61431616994398
2026-02-07 03:15:00+00:00,70861.62,67875.21309254778,64361.40595025984,1.2150303436157386,63.122955806830106,63.163198281954,61.507,205.09701796360065,0.0,246.61431616994398
2026-02-07 03:30:00+00:00,70729.59,67903.98095838707,64398.83686495279,1.153869374200316,63.24269267714217,63.284361250009,61.614,205.09701796360065,0.0,246.61431616994398
2026-02-07 03:45:00+00:00,70918.99,67964.8399397491,64464.36092963418,1.2069596201766453,63.294414184881575,63.33288200797,61.676,205.09701796360065,0.0,246.61431616994398
2026-02-07 04:00:00+00:00,71219.82,68044.24533834006,64535.77614260552,1.2924353122225631,62.587050826437604,62.629642046859,60.998,205.09701796360065,0.0,246.61431616994398
2026-02-07 04:15:00+00:00,71151.31,68115.54270441835,64614.88360254819,1.2396546585910375,62.92674337941912,62.95962600026,61.2655,205.09701796360065,0.0,246.61431616994398
2026-02-07 04:30:00+00:00,70705.52,68153.8369360557,64627.75440563771,1.037851002398194,63.2717063887454,63.311114276647,61.6285,205.09701796360065,0.0,246.61431616994398
2026-02-07 04:45:00+00:00,70768.13,68180.4191466878,64664.63154408601,1.055418079796419,63.399152631969336,63.440529402331,61.797,205.09701796360065,0.0,246.61431616994398
2026-02-07 05:00:00+00:00,70916.0,68222.76371309828,64712.508307068754,1.09944210845559,63.18080067625763,63.219585583657,61.558,205.09701796360065,0.0,246.61431616994398
2026-02-07 05:15:00+00:00,70271.97,68269.31552185606,64681.392222521055,0.8033232990752335,63.27914855654109,63.313946663998,61.5965,205.09701796360065,0.0,246.61431616994398
2026-02-07 05:30:00+00:00,70236.0,68311.13716742652,64733.33507349415,0.774813597378819,63.57892626185401,63.616747019386,61.9285,205.09701796360065,0.0,246.61431616994398
2026-02-07 05:45:00+00:00,70161.5,68356.7685760257,64787.95560333548,0.7289831579012962,63.89560773530537,63.936427148681,62.256,205.09701796360065,0.0,246.61431616994398
2026-02-07 06:00:00+00:00,70104.44,68405.36567143656,64846.034533644175,0.6887236049557467,63.610435024993016,63.651292282453,61.978,205.09701796360065,0.0,246.61431616994398
2026-02-07 06:15:00+00:00,70215.31,68440.2741058832,64889.68922324562,0.7209579372718434,63.6812420793966,63.720589917569,62.0485,205.09701796360065,0.0,246.61431616994398
2026-02-07 06:30:00+00:00,70063.41,68494.74634447676,64950.161901196996,0.6392077972333432,63.80121768125889,63.835522922192,62.129,205.09701796360065,0.0,246.61431616994398
2026-02-07 06:45:00+00:00,68769.65,68566.80567372938,64770.4563941529,0.07779229450689067,65.3606489411297,65.390548099864,63.6105,205.09701796360065,0.0,246.61431616994398
2026-02-07 07:00:00+00:00,67951.49,68605.01837397098,64723.681871450775,-0.24652799367059025,66.73670910880631,66.745202133745,65.808,205.09701796360065,0.0,246.61431616994398
2026-02-07 07:15:00+00:00,68031.2,68617.44916567352,64748.08296578013,-0.2217444118300867,67.67923094468392,67.734000161738,66.498,205.09701796360065,0.0,246.61431616994398
2026-02-07 07:30:00+00:00,68476.92,68669.49889697203,64782.3835141122,-0.07229198908140401,67.68144963740107,67.721178960932,65.956,205.09701796360065,0.0,246.61431616994398
2026-02-07 07:45:00+00:00,68087.14,68722.61861991101,64824.48735149954,-0.23863430961502938,67.94477074259254,67.985844746874,66.185,205.09701796360065,0.0,246.61431616994398
2026-02-07 08:00:00+00:00,68247.69,68751.51005690446,64862.9301898911,-0.18949177024656774,67.7434479685611,67.784759932759,66.0055,205.09701796360065,0.0,246.61431616994398
2026-02-07 08:15:00+00:00,68404.33,68776.7915568073,64898.05992074635,-0.14031932328110167,67.17881174183144,67.221975188149,65.465,205.09701796360065,0.0,246.61431616994398
2026-02-07 08:30:00+00:00,68352.11,68816.3220679435,64948.68563796298,-0.1755217654559441,67.2100723487577,67.252015535092,65.479,205.09701796360065,0.0,246.61431616994398
2026-02-07 08:45:00+00:00,68495.01,68842.34192236802,64984.83285274265,-0.13157253662013677,66.81187215639396,66.852499943818,65.088,205.09701796360065,0.0,246.61431616994398
2026-02-07 09:00:00+00:00,68753.4,68874.02597532955,65018.50804796809,-0.045643692887538875,66.18831291526092,66.239109381957,64.953,205.09701796360065,0.0,246.61431616994398
2026-02-07 09:15:00+00:00,68464.24,68913.05667102028,65056.63493714609,-0.17019580680021004,65.50232285002966,65.545441251501,63.8265,205.09701796360065,0.0,246.61431616994398
2026-02-07 09:30:00+00:00,68116.99,68939.04449652645,65076.88106335595,-0.31210764289880033,65.62429080104673,65.67427251216,63.946,205.09701796360065,0.0,246.61431616994398
2026-02-07 09:45:00+00:00,68138.2,68953.65340015148,65104.12946741242,-0.31063434938955164,65.69790754443764,65.744777602963,64.005,205.09701796360065,0.0,246.61431616994398
2026-02-07 10:00:00+00:00,67960.81,68970.3636814035,65126.129058986735,-0.3856690005937117,65.89545213604615,65.940694611306,64.194,205.09701796360065,0.0,246.61431616994398
2026-02-07 10:15:00+00:00,67946.2,68989.31131489895,65157.4359091158,-0.39991236522934004,65.79879567429677,65.843315805372,64.105,205.09701796360065,0.0,246.61431616994398
2026-02-07 10:30:00+00:00,67793.87,69002.11933180851,65177.53832496659,-0.4646981167711393,66.21581391220558,66.262752741542,64.508,205.09701796360065,0.0,246.61431616994398
2026-02-07 10:45:00+00:00,67987.0,69013.99787656649,65193.4376541247,-0.3948911297079089,65.91558840885561,65.963953631656,64.235,205.09701796360065,0.0,246.61431616994398
2026-02-07 11:00:00+00:00,67946.06,69028.25786734988,65219.93878045626,-0.4176633977633413,65.85078422365311,65.894557836306,64.1675,205.09701796360065,0.0,246.61431616994398
2026-02-07 11:15:00+00:00,67926.9,69041.29166352407,65245.51770468859,-0.4316545114902271,66.44768119249188,66.489065958823,64.964,205.09701796360065,0.0,246.61431616994398
2026-02-07 11:30:00+00:00,67823.19,69066.45744903707,65280.31147770548,-0.4832946823234943,66.8457928673584,66.896284800614,65.132,205.09701796360065,0.0,246.61431616994398
2026-02-07 11:45:00+00:00,67972.65,69096.18816586868,65316.91388858034,-0.4371885632487631,67.03742845702071,67.097546167935,65.352,205.09701796360065,0.0,246.61431616994398
2026-02-07 12:00:00+00:00,68849.66,69108.53803907792,65202.41194804012,-0.09675694354287485,66.45616983018604,66.519320818982,64.8055,205.09701796360065,0.0,246.61431616994398
2026-02-07 12:15:00+00:00,69328.68,69128.20658799635,65194.71477471406,0.07414493224149522,65.50363016208826,65.569839826553,63.857,205.09701796360065,0.0,246.61431616994398
2026-02-07 12:30:00+00:00,69157.33,69157.31490295318,65230.86135945823,5.602115621756718e-06,65.12253743749817,65.184399458046,63.491,205.09701796360065,0.0,246.61431616994398
2026-02-07 12:45:00+00:00,69024.98,69174.02732144624,65257.318883157655,-0.05550946630374125,65.26160173999422,65.324986218213,63.621,205.09701796360065,0.0,246.61431616994398
2026-02-07 13:00:00+00:00,68994.0,69222.82197999144,65316.95087156778,-0.08551439337763343,65.15031259016804,65.208176738041,63.7525,205.09701796360065,0.0,246.61431616994398
2026-02-07 13:15:00+00:00,69256.58,69260.31797495649,65357.53488412601,-0.0013958264164221303,64.77981664538022,64.845846689581,63.155,205.09701796360065,0.0,246.61431616994398
2026-02-07 13:30:00+00:00,68902.15,69279.96379662956,65374.264726392306,-0.14135712483651852,65.25829085535702,65.327052963666,63.5965,205.09701796360065,0.0,246.61431616994398
2026-02-07 13:45:00+00:00,69093.98,69299.3170127977,65401.65280150613,-0.07689335510564306,65.06321563631872,65.137550551609,63.441,205.09701796360065,0.0,246.61431616994398
2026-02-07 14:00:00+00:00,69014.88,69326.51630031066,65440.73778131898,-0.11715850484228274,64.99776398801636,65.061466925444,63.679,205.09701796360065,0.0,246.61431616994398
2026-02-07 14:15:00+00:00,68952.69,69354.01118378634,65480.15550279849,-0.15145315335076742,64.99690546944014,65.059487102898,64.8675,205.09701796360065,0.0,246.61431616994398
2026-02-07 14:30:00+00:00,68806.71,69399.83902882534,65536.18720071383,-0.22476344816202976,65.27814322982496,65.34388641673,65.0245,205.09701796360065,0.0,246.61431616994398
2026-02-07 14:45:00+00:00,68645.99,69423.41030149041,65570.99112709255,-0.29588201802403363,65.57885145099465,65.650702096421,65.1765,205.09701796360065,0.0,246.61431616994398
2026-02-07 15:00:00+00:00,69114.22,69451.61665617232,65601.41719736488,-0.12807965228685703,65.23809813244544,65.315646602105,65.396,205.09701796360065,0.0,246.61431616994398
2026-02-07 15:15:00+00:00,69268.53,69474.18045938775,65635.17060304368,-0.0782276617234632,65.08484735935505,65.151771670302,62.4455,205.09701796360065,0.0,246.61431616994398
2026-02-07 15:30:00+00:00,69310.96,69496.88130563157,65669.98839125026,-0.07094381568353388,64.80290807305781,64.860335271634,62.292,205.09701796360065,0.0,246.61431616994398
2026-02-07 15:45:00+00:00,69151.5,69517.56895422921,65701.81924163162,-0.14028761627932063,65.03214919824251,65.093814803474,62.427,205.09701796360065,0.0,246.61431616994398
2026-02-07 16:00:00+00:00,69456.43,69527.15240024285,65719.55279936983,-0.027104751444630367,64.75939015791565,64.811214593544,62.295,205.09701796360065,0.0,246.61431616994398
2026-02-07 16:15:00+00:00,69305.5,69526.66143705255,65731.27776446732,-0.08513418866692189,64.76873261964066,64.827036268225,62.2845,205.09701796360065,0.0,246.61431616994398
2026-02-07 16:30:00+00:00,69332.39,69523.87890851195,65741.90809701994,-0.0739649982268794,64.54615198315979,64.598770839493,62.1895,205.09701796360065,0.0,246.61431616994398
2026-02-07 16:45:00+00:00,68957.16,69505.03381939899,65730.13273475584,-0.21257593342494469,64.86127596979773,64.917719699563,62.343,205.09701796360065,0.0,246.61431616994398
2026-02-07 17:00:00+00:00,68744.85,69487.20656292661,65723.74210462987,-0.2893417250953069,65.21829888281007,65.268668061868,62.499,205.09701796360065,0.0,246.61431616994398
2026-02-07 17:15:00+00:00,69077.29,69449.63492074514,65694.62793047598,-0.14507033399683508,64.43566167016316,64.487803946294,62.1525,205.09701796360065,0.0,246.61431616994398
2026-02-07 17:30:00+00:00,69303.49,69399.8191569594,65657.54703933702,-0.03758668240225426,64.00138546106466,64.049499893049,61.9335,205.09701796360065,0.0,246.61431616994398
2026-02-07 17:45:00+00:00,69188.81,69375.93771575947,65647.26533989568,-0.07333657645326591,64.1034007430465,64.149293690869,61.9655,205.09701796360065,0.0,246.61431616994398
2026-02-07 18:00:00+00:00,69050.43,69356.93153321724,65641.25327372835,-0.12065506369677458,64.19396785062793,64.241702075368,62.018,205.09701796360065,0.0,246.61431616994398
2026-02-07 18:15:00+00:00,69353.65,69351.60023147105,65643.97692952493,0.000806896595403258,63.90034117049933,63.951245782325,61.883,205.09701796360065,0.0,246.61431616994398
2026-02-07 18:30:00+00:00,69512.77,69343.75262650495,65648.10432538157,0.06667529392756785,63.596273526547506,63.646856005486,61.7305,205.09701796360065,0.0,246.61431616994398
2026-02-07 18:45:00+00:00,69514.11,69338.67711723124,65656.25594041988,0.06945829885090629,63.62418884004588,63.679129162544,61.753,205.09701796360065,0.0,246.61431616994398
2026-02-07 19:00:00+00:00,69352.83,69334.27396924146,65663.04502717294,0.007378139202089075,63.73703304803621,63.784460742468,61.7935,205.09701796360065,0.0,246.61431616994398
2026-02-07 19:15:00+00:00,69430.38,69325.60419949854,65667.2534401848,0.04178493220139954,63.408420349576865,63.456050411475,61.6395,205.09701796360065,0.0,246.61431616994398
2026-02-07 19:30:00+00:00,69348.08,69317.72551657267,65672.10671995388,0.012155390565649408,63.5169200589189,63.561914414159,61.6805,205.09701796360065,0.0,246.61431616994398
2026-02-07 19:45:00+00:00,69373.61,69301.98583361965,65669.9293949176,0.028783049040102582,63.584303601806994,63.627220577186,61.7215,205.09701796360065,0.0,246.61431616994398
2026-02-07 20:00:00+00:00,69312.52,69292.53729481601,65673.42690607595,0.008062779323233668,63.58848839784146,63.635561407168,61.734,205.09701796360065,0.0,246.61431616994398
2026-02-07 20:15:00+00:00,69443.73,69282.10388770816,65674.90077878724,0.06536827402464385,63.54754382552316,63.594926959407,61.709,205.09701796360065,0.0,246.61431616994398
2026-02-07 20:30:00+00:00,69547.1,69263.1219110184,65668.732739291,0.11517066719804962,63.33804823566421,63.380282867117,61.594,205.09701796360065,0.0,246.61431616994398
2026-02-07 20:45:00+00:00,69631.18,69255.90077876543,65673.94964168456,0.15264103963675824,63.44177624657444,63.486753598965,61.682,205.09701796360065,0.0,246.61431616994398
2026-02-07 21:00:00+00:00,69522.71,69250.00561572456,65679.68625251924,0.11137274526276597,63.54759854473111,63.59164497206,61.704,205.09701796360065,0.0,246.61431616994398
2026-02-07 21:15:00+00:00,69500.01,69243.19115167139,65685.69701294317,0.10528512656648753,63.4083552704102,63.451455986691,61.6605,205.09701796360065,0.0,246.61431616994398
2026-02-07 21:30:00+00:00,69458.93,69238.87798170222,65693.91076642352,0.09056339725141212,63.47133161980023,63.515188555539,61.6695,205.09701796360065,0.0,246.61431616994398
2026-02-07 21:45:00+00:00,69497.99,69235.85392539753,65703.3209512465,0.10824023674939878,63.56508578652016,63.602759178851,61.7065,205.09701796360065,0.0,246.61431616994398
2026-02-07 22:00:00+00:00,69554.53,69228.81723376033,65708.70597928789,0.13491718723227045,63.542916718435,63.58451937924,61.6935,205.09701796360065,0.0,246.61431616994398
2026-02-07 22:15:00+00:00,69574.37,69223.26994523866,65715.75643159491,0.1459423653873571,63.62199952323028,63.664076791457,61.7355,205.09701796360065,0.0,246.61431616994398
2026-02-07 22:30:00+00:00,69400.0,69202.44437169397,65705.06970990528,0.08245305116741927,63.68932420111726,63.730259537028,61.7665,205.09701796360065,0.0,246.61431616994398
2026-02-07 22:45:00+00:00,69399.34,69182.58728442765,65698.49301922724,0.09080590324218343,63.72647748126398,63.767338318612,61.7965,205.09701796360065,0.0,246.61431616994398
2026-02-07 23:00:00+00:00,69075.56,69152.97391507177,65670.71582413734,-0.032517809788599764,64.27868848019904,64.325187550927,62.0625,205.09701796360065,0.0,246.61431616994398
2026-02-07 23:15:00+00:00,69040.81,69132.22505427571,65663.09880955404,-0.0385517906966993,64.39681505333249,64.444423730075,62.124,205.09701796360065,0.0,246.61431616994398
2026-02-07 23:30:00+00:00,69259.35,69125.95809101718,65663.87631190728,0.05628014169336481,64.2253240569093,64.269041145263,62.0365,205.09701796360065,0.0,246.61431616994398
2026-02-07 23:45:00+00:00,69289.38,69121.01855376072,65671.23984134036,0.0712761549483885,64.1415864483644,64.181855745911,61.9875,205.09701796360065,0.0,246.61431616994398
