rule,floor,z_enter,halflife,forecast,es_red,placebo_mean,timing,rank_pct
ratchet|-1|0.5|0|0,0.0,-1.0,0.5,False,18.075679132684108,9.316821369194708,8.7588577634894,100.0
ratchet|-1|0.5|0|1,0.0,-1.0,0.5,True,17.81701024807376,9.3461681247534,8.470842123320361,100.0
ratchet|-1|0.5|0.5|0,0.5,-1.0,0.5,False,19.96174290481457,17.804402678880766,2.1573402259338046,97.36842105263158
ratchet|-1|0.5|0.5|1,0.5,-1.0,0.5,True,19.615246564293955,17.959146027317203,1.6561005369767514,89.47368421052632
ratchet|-1|0.5|1|0,1.0,-1.0,0.5,False,20.50124558625527,19.82877893507065,0.6724666511846209,81.57894736842105
ratchet|-1|0.5|1|1,1.0,-1.0,0.5,True,20.861028221868448,19.955851863223625,0.9051763586448232,97.36842105263158
ratchet|-1|1|0|0,0.0,-1.0,1.0,False,19.59544960324703,13.356090752437161,6.239358850809868,100.0
ratchet|-1|1|0|1,0.0,-1.0,1.0,True,19.35228728593281,13.213311430377665,6.138975855555145,100.0
ratchet|-1|1|0.5|0,0.5,-1.0,1.0,False,20.30077466074498,18.853483055748878,1.4472916049961029,92.10526315789474
ratchet|-1|1|0.5|1,0.5,-1.0,1.0,True,20.068300314394904,18.81066366938225,1.2576366450126528,92.10526315789474
ratchet|-1|1|1|0,1.0,-1.0,1.0,False,20.83875792320401,20.293710389482595,0.5450475337214158,89.47368421052632
ratchet|-1|1|1|1,1.0,-1.0,1.0,True,20.811152901222396,20.43736490390873,0.3737879973136664,71.05263157894737
ratchet|-1|2|0|0,0.0,-1.0,2.0,False,19.966286831533942,17.225143525880764,2.7411433056531784,92.10526315789474
ratchet|-1|2|0|1,0.0,-1.0,2.0,True,19.886094046664205,17.024841026943278,2.8612530197209267,100.0
ratchet|-1|2|0.5|0,0.5,-1.0,2.0,False,20.64081165316867,20.05214612249915,0.5886655306695197,81.57894736842105
ratchet|-1|2|0.5|1,0.5,-1.0,2.0,True,20.417327575893385,19.76337325254566,0.6539543233477261,84.21052631578947
ratchet|-1|2|1|0,1.0,-1.0,2.0,False,21.001587873478478,20.71919895405125,0.2823889194272269,81.57894736842105
ratchet|-1|2|1|1,1.0,-1.0,2.0,True,20.937904650686235,20.85159347553731,0.08631117514892495,63.1578947368421
ratchet|-1|4|0|0,0.0,-1.0,4.0,False,20.862957490242174,19.783224445290923,1.0797330449512508,92.10526315789474
ratchet|-1|4|0|1,0.0,-1.0,4.0,True,20.627674420341247,19.622095519475497,1.0055789008657499,94.73684210526315
ratchet|-1|4|0.5|0,0.5,-1.0,4.0,False,20.56998390652438,20.602949890562574,-0.032965984038192175,28.947368421052634
ratchet|-1|4|0.5|1,0.5,-1.0,4.0,True,20.876589032220117,20.44336949128285,0.4332195409372659,94.73684210526315
ratchet|-1|4|1|0,1.0,-1.0,4.0,False,21.067187457420168,21.02807728319667,0.03911017422349872,57.89473684210527
ratchet|-1|4|1|1,1.0,-1.0,4.0,True,21.52603230993674,21.205299480238,0.32073282969873773,94.73684210526315
ratchet|-1.5|0.5|0|0,0.0,-1.5,0.5,False,16.792419566610896,5.534953574996392,11.257465991614504,100.0
ratchet|-1.5|0.5|0|1,0.0,-1.5,0.5,True,16.683825795364505,5.27013916508033,11.413686630284175,100.0
ratchet|-1.5|0.5|0.5|0,0.5,-1.5,0.5,False,19.045926903051058,16.811201575240887,2.234725327810171,89.47368421052632
ratchet|-1.5|0.5|0.5|1,0.5,-1.5,0.5,True,18.72200133231795,16.661442464722512,2.0605588675954394,89.47368421052632
ratchet|-1.5|0.5|1|0,1.0,-1.5,0.5,False,20.313937354209365,19.339424068458538,0.9745132857508274,94.73684210526315
ratchet|-1.5|0.5|1|1,1.0,-1.5,0.5,True,20.637570027165797,19.393856438053874,1.2437135891119233,97.36842105263158
ratchet|-1.5|1|0|0,0.0,-1.5,1.0,False,17.393102046171528,9.050808707826118,8.34229333834541,100.0
ratchet|-1.5|1|0|1,0.0,-1.5,1.0,True,17.26922867064965,8.600655708483036,8.668572962166614,100.0
ratchet|-1.5|1|0.5|0,0.5,-1.5,1.0,False,19.31668135347143,17.683649921583587,1.6330314318878436,84.21052631578947
ratchet|-1.5|1|0.5|1,0.5,-1.5,1.0,True,19.04821121219752,17.518095702757677,1.5301155094398418,84.21052631578947
ratchet|-1.5|1|1|0,1.0,-1.5,1.0,False,20.372452515085783,19.767531279424713,0.6049212356610703,89.47368421052632
ratchet|-1.5|1|1|1,1.0,-1.5,1.0,True,20.635270687873575,19.80629657311953,0.8289741147540468,89.47368421052632
ratchet|-1.5|2|0|0,0.0,-1.5,2.0,False,18.20972609592021,13.486041680518873,4.723684415401337,100.0
ratchet|-1.5|2|0|1,0.0,-1.5,2.0,True,18.05632512454408,13.042211210330471,5.01411391421361,100.0
ratchet|-1.5|2|0.5|0,0.5,-1.5,2.0,False,19.26551414342601,18.97486497511761,0.2906491683083985,60.526315789473685
ratchet|-1.5|2|0.5|1,0.5,-1.5,2.0,True,19.302618758838786,18.753443997581048,0.5491747612577385,71.05263157894737
ratchet|-1.5|2|1|0,1.0,-1.5,2.0,False,21.07012935783572,20.310844877988735,0.7592844798469862,100.0
ratchet|-1.5|2|1|1,1.0,-1.5,2.0,True,21.065174461592772,20.377964136663362,0.6872103249294099,97.36842105263158
ratchet|-1.5|4|0|0,0.0,-1.5,4.0,False,19.352961431610048,17.550995842262626,1.8019655893474216,81.57894736842105
ratchet|-1.5|4|0|1,0.0,-1.5,4.0,True,19.153513833630164,17.143652049474298,2.0098617841558664,86.8421052631579
ratchet|-1.5|4|0.5|0,0.5,-1.5,4.0,False,19.897842019464495,20.016536568631633,-0.11869454916713806,34.21052631578947
ratchet|-1.5|4|0.5|1,0.5,-1.5,4.0,True,19.832219587991794,19.71675808980958,0.11546149818221352,50.0
ratchet|-1.5|4|1|0,1.0,-1.5,4.0,False,21.168388076789135,20.731887188461766,0.43650088832736955,100.0
ratchet|-1.5|4|1|1,1.0,-1.5,4.0,True,20.921348226346982,20.826804688994432,0.09454353735254983,52.63157894736842
ratchet|-2|0.5|0|0,0.0,-2.0,0.5,False,14.534371508674425,1.6877849838498078,12.846586524824618,100.0
ratchet|-2|0.5|0|1,0.0,-2.0,0.5,True,13.69589377837105,1.4521549986972526,12.243738779673796,100.0
ratchet|-2|0.5|0.5|0,0.5,-2.0,0.5,False,19.251684016062022,15.710577778243568,3.541106237818454,100.0
ratchet|-2|0.5|0.5|1,0.5,-2.0,0.5,True,19.12683743741911,15.541614529293593,3.585222908125516,100.0
ratchet|-2|0.5|1|0,1.0,-2.0,0.5,False,20.446879103856254,19.23490271222488,1.2119763916313744,100.0
ratchet|-2|0.5|1|1,1.0,-2.0,0.5,True,20.55392829507845,19.0224299480935,1.5314983469849501,100.0
ratchet|-2|1|0|0,0.0,-2.0,1.0,False,17.732099261247704,3.6276405658858213,14.104458695361883,100.0
ratchet|-2|1|0|1,0.0,-2.0,1.0,True,17.441921348145662,3.3007468152209403,14.141174532924722,100.0
ratchet|-2|1|0.5|0,0.5,-2.0,1.0,False,19.667289292266744,16.128234639120393,3.5390546531463514,100.0
ratchet|-2|1|0.5|1,0.5,-2.0,1.0,True,19.334462156224742,16.010720597340114,3.3237415588846275,100.0
ratchet|-2|1|1|0,1.0,-2.0,1.0,False,20.705924955786458,19.421717430376763,1.2842075254096947,100.0
ratchet|-2|1|1|1,1.0,-2.0,1.0,True,20.83295155790703,19.24524292695565,1.5877086309513793,100.0
ratchet|-2|2|0|0,0.0,-2.0,2.0,False,18.5141973872174,6.30231095172433,12.21188643549307,100.0
ratchet|-2|2|0|1,0.0,-2.0,2.0,True,18.51577279194142,5.99658334768432,12.5191894442571,100.0
ratchet|-2|2|0.5|0,0.5,-2.0,2.0,False,20.121524547806203,16.933234302860818,3.188290244945385,100.0
ratchet|-2|2|0.5|1,0.5,-2.0,2.0,True,19.7854601606407,16.758366113470125,3.027094047170575,100.0
ratchet|-2|2|1|0,1.0,-2.0,2.0,False,20.88349644882469,19.818261445544817,1.0652350032798736,100.0
ratchet|-2|2|1|1,1.0,-2.0,2.0,True,20.9768702735562,19.619578871687157,1.3572914018690447,100.0
ratchet|-2|4|0|0,0.0,-2.0,4.0,False,19.517142066980732,10.030761994118064,9.486380072862667,100.0
ratchet|-2|4|0|1,0.0,-2.0,4.0,True,19.276761105853456,9.748365099024873,9.528396006828583,100.0
ratchet|-2|4|0.5|0,0.5,-2.0,4.0,False,20.357975618129487,18.186272586761724,2.1717030313677625,100.0
ratchet|-2|4|0.5|1,0.5,-2.0,4.0,True,20.199761375321636,17.81939928958829,2.3803620857333456,100.0
ratchet|-2|4|1|0,1.0,-2.0,4.0,False,20.955497302842275,20.308921975970858,0.6465753268714174,100.0
ratchet|-2|4|1|1,1.0,-2.0,4.0,True,21.207564412416136,20.103021667354586,1.1045427450615506,100.0
