,vol,var_red,es,es_red,mdd,worst,ret,hedge_pnl,funding,cost,carry,hedge_cost,turnover,notional,time_on,tail_offset
Unhedged,45.47630193509691,0.0,6.068521372636466,0.0,52.9717659135106,14.017431361060211,20.600378174444955,0.0,0.0,0.0,0.0,0.0,0.0,0.0,0.0,0.0
always|1,41.85734764324801,15.282500708579217,4.916604029896885,18.981845362425265,40.997741716585004,8.538654927336374,22.726418269043986,2.46288912967437,1.4238721900962559,0.3368490350753403,1.4238721900962559,1.7607212251715962,1.2881267657601996,11.134664069135358,67.34591539022612,27.970168767006548
always|1.5,42.18333800594988,13.957780792696228,4.8224978386046615,20.53257222838898,41.317016787329706,8.538654927336374,21.37443631440241,1.4203944695462898,2.1924347788320317,0.6463363295888399,2.1924347788320317,2.838771108420873,1.826103455108286,16.640735491655597,67.38808351568197,39.64001855248557
switch|-1|0.5,42.36347928354127,13.22133595966477,5.003728946062851,17.546159289721952,38.187129019979295,8.256719649339098,28.86302381112064,12.81885902632497,-0.29325383069907035,4.5562133896493,-0.29325383069907035,4.262959558950229,32.28311745441306,4.623719327273865,27.731810722100654,27.35069631192667
ratchet|-1.5|4|1|1,41.86402439444611,15.255471629588047,4.798904884076899,20.921348226346982,41.69113764333079,8.234692693043867,22.49775278011067,3.105966135564702,2.6829493632745014,1.2085915298989987,2.6829493632745014,3.891540893173501,2.2966327541594977,12.484495396472578,79.3102662290299,31.910141725653133
placebo|7,41.89850739790179,15.115807590109698,4.792794154755852,21.022043749124585,42.354240565855775,8.22204763024187,23.010977153767673,2.856472288272034,2.675417832194467,0.44587330894933097,2.675417832194467,3.121291141143798,1.93182127021035,12.571045128291775,79.25442195477753,30.662194701933824
placebo|14,41.956737667933076,14.879700649384075,4.821682929067162,20.546000697820975,41.83011924548003,8.411559193543146,21.122619542365598,0.993415226376106,2.7381404636312907,0.47117385845547294,2.7381404636312907,3.209314322086764,1.9709337787342238,12.710776990779197,79.03674325309993,30.424953433817294
placebo|21,41.90421320214825,15.09268669181637,4.78763454946196,21.107066194907787,41.11820070753749,8.44344070864476,23.02339734657453,3.074506282526627,2.8536515341868562,0.6514871103970566,2.8536515341868562,3.505138644583913,1.9201605200749856,12.621169567361049,79.26923778264042,31.50022037125228
placebo|28,41.91020155312311,15.068417479529138,4.777037868423851,21.28168337737155,42.817721794826255,8.218859930245168,22.82143269502439,2.9960914636592033,2.9368619500063597,0.7750369430797676,2.9368619500063597,3.7118988930861274,1.9962965267349242,12.70295015384821,78.91821663019694,31.56707446854045
placebo|35,41.94830336958781,14.913919603449255,4.78486528219529,21.15269950649431,41.95658039255018,8.081929581508627,23.5504101043388,3.603486738015374,2.7077632630239283,0.6534548081215291,2.7077632630239283,3.3612180711454567,1.9207916668721732,12.615569722939252,78.94442924872355,31.24085583583856
placebo|42,41.95261262773259,14.896437288862652,4.81083955878754,20.72468294368923,41.73003356355217,8.229118780361702,23.173816126478037,3.400121987429083,2.8078834824474335,0.8266840353960158,2.8078834824474335,3.63456751784345,2.0887465362472835,12.789841618648262,79.02534646243619,32.00314417466868
placebo|49,41.88732033628052,15.161130346269157,4.799473940031755,20.9119710499326,42.59943623627904,8.155771338816594,22.098039660979513,1.858279274187552,2.9184791402416606,0.3606177876530089,2.9184791402416606,3.279096927894669,2.08412563439701,12.640642282907026,79.28633296863602,30.829532246096875
placebo|56,41.98151588064659,14.779132693414908,4.814621252198337,20.662366389481345,42.31071699240497,8.436126798485832,22.646803376684538,2.7040981209069934,2.5819030672360403,0.6576729186674163,2.5819030672360403,3.239575985903457,2.0355519154364585,12.412227311990089,79.19401896425967,30.808981168559473
placebo|63,41.93146339399784,14.982220812148972,4.809368806743648,20.748918699873997,41.286611915990775,8.268351444350637,22.651167095811044,2.9245530082202156,2.4745582458086974,0.8737640868541366,2.4745582458086974,3.348322332662834,1.9865465260265753,12.51059759778028,79.34787563822027,30.740611222374586
placebo|70,41.922257522597,15.01954728556707,4.7944251638976665,20.995167199769938,40.41726544192843,8.337992602393838,22.66024492490131,2.7629160594927678,2.8057768026484764,0.7030493090364258,2.8057768026484764,3.5088261116849027,2.068131073343925,12.532287552304938,79.30456783369803,31.256263459699746
placebo|77,41.96248826811444,14.85636583447275,4.814457954076515,20.66505729409871,43.04703455496488,8.484733281484564,21.607782018448283,1.5765198910823832,2.757095627143001,0.569116047079071,2.757095627143001,3.3262116742220713,1.9471097076064159,12.62403165355572,79.21681254558717,29.65801918849601
placebo|84,41.89321983688308,15.137230884338182,4.779468548361318,21.241629469867384,42.1590501319878,8.360901211865626,23.303786097176417,3.3686124000322013,2.6223588799996143,0.6652044773007488,2.6223588799996143,3.2875633573003644,1.9294456810108245,12.511142342319081,79.1290572574763,31.14524808321084
placebo|91,42.027853639843954,14.590901120565025,4.792602300794195,21.02520521053959,42.14371568690807,8.119359789546097,22.88787738995733,2.653139542485772,2.7714571357455458,0.3656403269734078,2.7714571357455458,3.1370974627189536,2.160911810080763,12.677936702958585,79.1655269876003,30.90056353128835
placebo|98,41.88405879878675,15.174341713304418,4.798440065192203,20.929007734424054,42.955310555835624,8.240602430494597,21.986532456859354,1.7857443080046906,2.532337761070732,0.39959002559029955,2.532337761070732,2.931927786661032,1.9075951158128188,12.504290077651852,78.68002370532459,30.70623115891869
placebo|105,41.8572033402174,15.283084834019977,4.801954252045029,20.87109928132589,42.932949462926786,8.506766078184057,21.361075306543505,1.2936996594698345,2.7439376544323415,0.5330025273712912,2.7439376544323415,3.2769401818036323,1.958453442890003,12.580904571694626,79.03902261123267,30.054676273046017
placebo|112,41.93579971587674,14.964635758407773,4.809658234961379,20.7441493631615,41.569893641909296,8.431394051581377,23.600173429243103,3.690266947278135,2.658309485837572,0.6904716924800033,2.658309485837572,3.3487811783175756,1.9414561813631785,12.564749441804022,79.19287928519329,31.393087261073966
placebo|119,41.98650137271057,14.758890776170563,4.79007359873632,21.066874373464138,41.58031767267818,8.333384228676891,22.887996176282208,2.284267053737224,2.6193792779383194,-0.0033509481000140616,2.6193792779383194,2.616028329838305,2.048342416950329,12.511703481501746,78.71649343544857,30.569274271154246
placebo|126,41.97988473852734,14.78575487666408,4.832549868045309,20.366930075656796,40.90919172174509,8.321405390034649,21.983797273015416,1.65566540965142,2.6251268622903767,0.2722463110809711,2.6251268622903767,2.8973731733713475,2.0017262203355997,12.514777430784324,78.94784828592267,30.096598837655613
placebo|133,41.76474467102034,15.656935050106501,4.820091055630342,20.57223235029564,42.60408403068185,8.189244952159829,21.712450832319774,1.6109647516670131,2.951678814691788,0.4988920937922021,2.951678814691788,3.45057090848399,2.1411016770928675,12.691523562661116,79.1609682713348,30.978541842846084
placebo|140,41.940418330388816,14.945903925578829,4.786394092935561,21.12750703131965,40.979329207777035,8.365649509753863,24.06651762294049,3.862524107178539,2.4334827561105246,0.39638465868300715,2.4334827561105246,2.829867414793532,1.9295227632819356,12.404864280132516,79.3102662290299,31.310811041910735
placebo|147,42.032317852510545,14.572755790831781,4.819622199670517,20.5799583832291,42.30376574291213,8.406978083999116,21.943687005837884,1.7398465883271006,2.652004770009584,0.3965377569341864,2.652004770009584,3.0485425269437703,1.9522858129376737,12.534144011874645,79.17464442013129,29.84865235435202
placebo|154,42.04205307144459,14.533179137509,4.817729415472975,20.61114858725602,42.65625543486172,8.022417997587434,21.6161241056121,1.5471131340165056,2.8504891896326856,0.5313672028493726,2.8504891896326856,3.381856392482058,1.9075837799956246,12.759129589214579,79.07321298322393,29.96234086828555
placebo|161,41.869286593680485,15.23416595600926,4.7943766845210565,20.995966066143357,40.727508924394606,8.434823085593488,22.029680258796184,1.6642994377458895,2.6638804145758432,0.23499735339467356,2.6638804145758432,2.898877767970516,1.9910560869467753,12.509209576187855,78.58884938001458,30.593171563778977
placebo|168,41.77009797676631,15.635311877030967,4.801196210694656,20.883590649549298,40.857936076023925,8.1984992936307,24.255619604050715,4.223783129033993,2.59314321508996,0.5685416994282405,2.59314321508996,3.1616849145182018,1.992616431885663,12.59864980787771,78.87035010940919,32.062947005892674
placebo|175,42.027945882694425,14.590526207896337,4.832675380389808,20.364861823165093,42.800200127193875,8.328410550356912,21.45484843518318,2.1880847789394378,2.5215475964750858,1.3336145182012227,2.5215475964750858,3.855162114676308,1.898158304034636,12.583541736673673,79.16438730853392,29.637489209264196
placebo|182,41.79642474412453,15.528931975415682,4.7995927727923355,20.910012866822036,40.82448054079729,8.401301322813351,22.923445981496116,2.9962902393826845,2.590165302121353,0.6732224323315303,2.590165302121353,3.263387734452883,1.968931298149818,12.608740291540036,78.79399161196207,31.25578863318399
placebo|189,41.79812246439888,15.522069610598887,4.822193379357817,20.537589253594124,42.37093846593357,8.415177362371898,20.667914053587594,0.85342684135168,2.667801200362132,0.7858909622090494,2.667801200362132,3.4536921625711803,2.035705192594594,12.539615961899397,79.0378829321663,29.84463332717612
placebo|196,41.93718444513399,14.95901989312587,4.806864712532011,20.790182362929176,41.194860995304396,8.362815972543396,23.02158796172015,3.358148367053761,2.478384301689311,0.9369385797785744,2.478384301689311,3.415322881467887,2.0143092221404277,12.411699272238934,79.1564095550693,31.015746070977528
placebo|203,41.92414333410501,15.011901670582484,4.8046739311063975,20.826283107922716,42.21578596688307,8.235979826651391,23.96077996562373,4.012196315785245,2.585496871520181,0.6517945246064766,2.585496871520181,3.237291396126658,1.9057222456414042,12.578824911618375,78.35521517140774,30.965557802751874
placebo|210,41.93963093459062,14.949097532694344,4.809541198527491,20.746077945540986,41.3921137345377,8.20876995696659,22.636018018145865,2.8657564332089223,2.6471882461546805,0.8301165895080257,2.6471882461546805,3.4773048356627054,1.9024342639228051,12.576764470297258,79.11538110867978,30.577008751711688
placebo|217,41.86826012735624,15.238322138959226,4.817233147959955,20.619326320884145,42.33653141389946,8.277855581802463,22.743318311737326,2.785420741465572,2.3823478848878032,0.6424806041732073,2.3823478848878032,3.024828489061009,1.9753744615143127,12.42559496998708,79.07093362509117,30.247951456609822
placebo|224,41.86659863892399,15.245049323346404,4.82552622365815,20.48266904987923,39.830442556064064,8.483552551189673,24.51509734395158,4.056216260626267,2.454246899052916,0.14149709111965192,2.454246899052916,2.595743990172569,2.0310566026876486,12.43061673837245,78.5797319474836,31.9613303270049
placebo|231,41.804625176374465,15.495782382921252,4.789455473200883,21.07706014191547,41.5452250503634,8.35700891233414,23.069098135249554,2.779052743969018,2.5882743830052117,0.3103327831644236,2.5882743830052117,2.8986071661696347,1.9271058978563347,12.511834529317808,78.88402625820568,31.374707049521238
placebo|238,42.025702546673834,14.599643809598572,4.815261112696344,20.65182246191287,43.11956390000747,8.215919023359557,21.33428551863907,1.2207680369149676,2.7363356700999883,0.48686069272085725,2.7363356700999883,3.223196362820846,2.024748276612476,12.57401937604166,78.99115609044493,30.18153683952371
placebo|245,41.84580906074611,15.329201475647613,4.829513181009867,20.41697005819908,42.67524911000875,8.328789714027442,21.493042332079803,1.4716390343260455,2.683374894617493,0.5789748766912018,2.683374894617493,3.2623497713086955,1.844381100422122,12.607908636569743,78.93417213712618,29.58751364865615
placebo|252,42.07102105030526,14.415361199414445,4.802695599256354,20.85888300711669,42.862238952865226,8.210019739104347,21.263939411270705,1.2307355498876686,2.5154653213638882,0.5671743130619258,2.5154653213638882,3.082639634425813,1.9377844327636757,12.464481725456684,78.73700765864332,30.03905196170625
placebo|259,42.02274892141696,14.611647501139291,4.811972418965213,20.70601513141489,42.18589358704941,8.202688439924238,21.625454770609032,1.5277768047811437,2.7197786610669406,0.5027002086170791,2.7197786610669406,3.22247886968402,1.996169461424562,12.611831221178772,78.41675784099196,30.28188285045396
placebo|266,41.82334349905891,15.42009069412078,4.8044411450091395,20.83011906866116,42.26371429326869,8.330299543031144,20.831961616064007,0.6364431275962958,2.7285478659340945,0.40485968597725386,2.7285478659340945,3.133407551911348,1.9653423361949987,12.58234791719569,78.66064916119619,30.089761284975502
placebo|273,42.0010967594949,14.699617287756361,4.779072511331828,21.248155557610527,41.046523561683756,8.33586529690965,23.478610804587827,3.5909239587459254,2.609395179693374,0.7126913286030685,2.609395179693374,3.322086508296443,1.9891523103019495,12.605908266674287,79.1461524434719,31.167385852025305
placebo|280,42.0767462151318,14.392066328456,4.837541750532663,20.28467144656365,41.93672030316928,8.363765604273315,21.236029852814138,1.2296679197419103,2.956204981702157,0.5940162413727349,2.956204981702157,3.550221223074892,1.9563629232847548,12.577414118003116,78.68686177972283,29.75169254478589
placebo|287,41.925776328823204,15.00528076875527,4.836626551573161,20.299752533097013,40.114900661702634,8.474877229031742,22.630327847455472,2.8745339528462384,2.6012538126812594,0.8445842798357268,2.6012538126812594,3.4458380925169867,1.9599617454278255,12.593491446003794,78.99001641137856,30.656982949721773
placebo|294,42.06184474591246,14.452691648219673,4.81584579255025,20.642187827411274,41.06851753122046,8.324133175826384,23.39643361580789,3.9078059069039597,2.5321560038061515,1.1117504655410402,2.5321560038061515,3.6439064693471916,1.895897097599709,12.504436129676971,79.1381746900073,31.175714513032293
placebo|301,42.14358776485142,14.119863153042933,4.843099415068918,20.19308959004562,41.76600288192536,8.391814528537408,21.55808956971733,1.5235172966975865,2.7808043704414316,0.5658059014252304,2.7808043704414316,3.3466102718666604,1.9904705903291673,12.642678716616206,79.25784099197666,29.507140873691583
placebo|308,41.92273226119969,15.017622592948321,4.812721617252612,20.693669483416055,42.703243633719204,8.318245422749571,21.53359696575831,1.597472720852159,2.7382645725489154,0.6642539295388108,2.7382645725489154,3.402518502087727,2.0929365580366164,12.667835941694053,78.93987053245807,30.138540229727383
placebo|315,41.9584082634577,14.872922027876289,4.812650477866276,20.694841752276428,42.51282775004965,8.35569263043064,22.094669381181337,2.2548339128405606,2.967777781900274,0.7605427061041855,2.967777781900274,3.72832048800446,2.0602753387486206,12.684241300876556,79.19059992706053,31.23905214199053
placebo|322,41.90311139350266,15.097151654875152,4.813167661654165,20.68631935025901,41.81225790774853,8.289081722477828,22.00642702169554,1.9661134109252485,2.6523426450351772,0.5600645636746708,2.6523426450351772,3.212407208709849,2.05225541546344,12.575510843592488,79.17236506199853,30.544191414241702
placebo|329,41.97771751652126,14.794553062813664,4.791398870829839,21.04503590553858,42.53400767271651,8.416286777134857,21.66933741353507,1.7088380286535565,2.7140303642899934,0.6398787895634473,2.7140303642899934,3.3539091538534413,1.8738013481402773,12.723414792191729,79.23162837345002,30.101830899992148
placebo|336,41.85456099964787,15.293780430401515,4.773784711251575,21.335290458446433,42.128539061493086,8.265230453982735,22.343261997781788,2.2745327315367154,2.8215024216745284,0.5316489081999017,2.8215024216745284,3.3531513298744313,2.022216673096393,12.609521647358788,79.14843180160467,31.236485857020053
placebo|343,41.88691439376803,15.162774735871743,4.7723514323389855,21.35890871443631,41.690309183131525,8.338411524070636,22.699078915666266,2.6604125083037533,2.766695779626053,0.5617117670824471,2.766695779626053,3.3284075467085006,2.012461581603962,12.552877339566018,78.70281728665208,31.074479239996677
placebo|350,41.921046015431685,15.024458897957437,4.789214760756125,21.08102671680212,40.990262518338824,8.342646510817293,23.42529084654538,3.621729152208332,2.7146910169317784,0.7968164801079287,2.7146910169317784,3.511507497039708,2.052838802180152,12.544402375052567,79.16780634573304,31.14943838079201
placebo|357,41.882203437598214,15.181856684530548,4.802365476920009,20.86432292099477,42.71438912754741,8.411788403406574,21.46509239013592,1.4209583780907282,2.6053718571681395,0.5562441623997786,2.6053718571681395,3.161616019567919,2.016465648034648,12.614590781038611,78.72333150984683,30.356798799764213
placebo|364,41.9522423723945,14.897939455586673,4.823836392778699,20.51051489198289,41.68609693492479,8.517217446732884,22.223161570990698,2.354659657549033,2.7655478556139608,0.7318762610032997,2.7655478556139608,3.497424116617261,1.9477893972861007,12.596607298817574,78.66520787746171,30.442538656617117
placebo|371,42.03544858516332,14.560029401381602,4.832070356951705,20.374831688984973,42.21459707113229,8.466548124970197,21.07966908844342,0.9141457970194666,2.7929697683872314,0.4348548830210114,2.7929697683872314,3.2278246514082425,1.972302235374692,12.589273468175302,78.92049598832969,29.950520973960405
placebo|378,41.965922132320784,14.842430357694758,4.789216581841291,21.08099670808906,41.07028151573429,8.296739021191723,23.082947723620652,3.236481888411912,2.64418203007832,0.7539123392362216,2.64418203007832,3.398094369314542,1.8143789442789136,12.449895010241894,79.0743526622903,30.741268379212872
placebo|385,41.83695393791407,15.365032590276472,4.788272969187961,21.096546009070106,41.03386068934304,8.492151957132103,23.311750323513984,3.3869221589472356,2.792928472295947,0.6755500098782163,2.792928472295947,3.468478482174163,1.993897943836257,12.63669684157804,79.17806345733041,31.490267587590687
placebo|392,41.98447898855564,14.767102278020161,4.802184198278874,20.86731011721613,42.58753725542495,8.385357015085104,22.284678284432864,2.437421900877219,2.7586048031051447,0.7531217908893172,2.7586048031051447,3.511726593994463,1.9500433571553355,12.512712021368358,79.28291393143692,30.32959539100441
placebo|399,42.055170045190394,14.479840118701759,4.832782979369542,20.363088755672585,41.86048845827363,8.41738622408612,21.987828310398413,1.9810328344022048,2.6065900349830824,0.593582698448747,2.6065900349830824,3.2001727334318297,1.9112275070222164,12.562419802533139,79.14045404814004,29.669153853344753
placebo|406,41.930528221192986,14.986012973070617,4.807556400183083,20.778784402724405,42.44167022412372,8.123840345490532,21.398142670182256,1.0931601192022216,2.6931844335025756,0.2953956234649265,2.6931844335025756,2.988580056967503,2.0475335480170402,12.609014844913538,79.2874726477024,30.24485719923774
placebo|413,41.96419147472362,14.84945394008983,4.800096288268477,20.901715697788216,43.32850771935761,8.326504431687418,21.647976246484827,2.0664510355180097,2.8796594178447825,1.018852963478154,2.8796594178447825,3.898512381322936,1.9743877929981195,12.795877996229017,79.2612600291758,30.564543325253478
placebo|420,41.906755231473284,15.08238493881896,4.789010947101279,21.084385255766247,41.584423310850184,8.39418077175403,22.487422295678865,2.280206929619991,2.5948062479295992,0.3931628083860847,2.5948062479295992,2.9879690563156855,1.9461871323596713,12.521704852146073,78.96722283005106,31.04046957003525
placebo|427,41.928797069211484,14.993032636320825,4.806372041833375,20.798300826528205,42.316589321148335,8.368437386245224,21.73143817314812,2.024332785609852,2.8705386329021647,0.8932727869067001,2.8705386329021647,3.763811419808864,1.9329918880039925,12.687791994092528,78.97178154631655,30.63121827990683
placebo|434,41.999965651770005,14.704211578386339,4.790169749157936,21.065289960792388,40.403683435260895,8.170944576440064,23.47907299718096,3.4360023931745416,2.8239925763347338,0.557307570438537,2.8239925763347338,3.381300146773271,1.9908770241440523,12.61107582201317,78.94784828592269,31.338122217176174
placebo|441,41.967636346778825,14.835473221469941,4.80128991135577,20.88204660520372,41.109488044077494,8.215155087262245,23.825277234296962,4.0578496711429395,2.5265103839710084,0.8329506112909484,2.5265103839710084,3.3594609952619567,2.0363364573517093,12.321279555298691,79.04130196936543,31.332576797663236
placebo|448,42.03461324105464,14.563425157550459,4.789851559001732,21.070533250494538,41.50841722178351,8.100141400534227,22.995054237836378,2.8012616123008103,2.695856294338808,0.4065855489093985,2.695856294338808,3.1024418432482075,1.9327959835475985,12.487665095327273,79.0287654996353,30.466981462692583
placebo|455,41.97265299732785,14.815111521714119,4.806261737911597,20.800118467350494,41.41619371836459,8.499902087591206,23.120854187402827,3.304746801532248,2.746846271365404,0.7842707885743777,2.746846271365404,3.5311170599397825,1.950585332368034,12.483229168383456,79.10056528081691,31.281882193896678
placebo|462,41.92979477170953,14.988987079153803,4.796409789443844,20.96246359003846,42.036372429098265,8.408306431245922,22.134953643259134,1.8990001730891564,2.684927263528442,0.3644247042749845,2.684927263528442,3.049351967803427,1.990095685143344,12.450603672480371,79.2339077315828,30.781585804325857
placebo|469,41.88534958870709,15.169113290127845,4.790933877121646,21.05269829444092,42.36055150750708,8.361221780492365,22.48984881895151,2.2357302149125693,2.731319140271293,0.346259570406019,2.731319140271293,3.0775787106773116,2.0915683294309035,12.52057505203465,79.3239423778264,31.202846066267202
placebo|476,41.95181762550065,14.899662684231775,4.8153809276823365,20.649848093221802,41.182804091219374,8.487019382368015,24.241340177497168,4.404867601393506,2.7262507974852306,0.7639055983413062,2.7262507974852306,3.4901563958265363,2.041291842752583,12.46908237393442,79.00483223924142,31.636156627662444
placebo|483,42.0100929759167,14.663072390332044,4.832528892881291,20.367275714449683,42.23071972996419,8.368437386245224,21.272005440902653,1.1436936074422324,2.7638013677372624,0.4720663409845417,2.7638013677372624,3.2358677087218037,2.0060788139789696,12.586141204473716,79.03560357403356,30.155995432765092
placebo|490,41.96040259186429,14.864829471866436,4.8219499110000505,20.541601241734487,41.482642868671306,8.525534615290262,22.392107379620466,2.4405165381306846,2.6707615806576452,0.6487873329551864,2.6707615806576452,3.3195489136128336,1.9724343092915846,12.470449525394777,79.22820933625093,30.48288222092731
placebo|497,41.936415327157576,14.962139127172058,4.7857043828295005,21.138872404591137,41.06668876882603,8.49452363387003,23.26754103969032,3.203452698366738,2.779774807719882,0.536289833121374,2.779774807719882,3.3160646408412564,1.7241165447801916,12.56714554725672,78.70053792851932,31.587217196239703
placebo|504,41.98921229072516,14.747882994570238,4.78886350371309,21.08681489849362,40.58287085184935,8.39317529187177,23.665362975454315,3.745187143974074,2.582963021800297,0.6802023429647258,2.582963021800297,3.2631653647650225,1.8131399810459217,12.630477126039283,78.9706418672502,30.93437376455682
placebo|511,41.85775264379905,15.280861292714699,4.818220694939112,20.60305304905207,40.48179210545424,8.510142443982263,23.260272436510157,3.378218792567076,2.6790154766756276,0.7183245305018876,2.6790154766756276,3.3973400071775157,2.060408615928509,12.588159041840976,79.03446389496717,30.815019976479956
placebo|518,41.89200026918199,15.142171750005184,4.793041115863816,21.017974205774582,41.90049487400061,8.442750747166563,23.41873373444277,3.2810848310250904,2.6089202173826895,0.4627292710272832,2.6089202173826895,3.0716494884099714,1.9860279953969266,12.416394538844804,78.68914113785557,31.133054791582595
placebo|525,41.99435613551909,14.726994271265037,4.8205206578008255,20.565153160092564,41.88984735338099,8.137766141931492,22.765483669233827,3.0943354725406285,2.753837693085027,0.9292299777517634,2.753837693085027,3.6830676708367913,1.8665944667926617,12.498540812278613,78.98431801604669,30.46999026175238
placebo|532,41.9347944126043,14.96871271918433,4.791896704375676,21.036832366072076,42.23889633261534,8.432549464319813,22.91526592649172,3.3598748032153005,2.6943530666540743,1.044987051168548,2.6943530666540743,3.739340117822622,2.0854767494499677,12.58451980457719,78.86579139314368,31.381068269699362
placebo|539,41.955603138745936,14.884303970029645,4.7854473790259675,21.143107436285867,42.234800457591426,8.202278880963943,22.6968869108437,2.304440850263072,2.769710306420074,0.20793211386434193,2.769710306420074,2.9776424202844156,2.1737602453467657,12.461074219844756,79.01508935083879,30.832199182509584
placebo|546,41.84694804868409,15.3245921571589,4.796605569475552,20.959237432961874,40.06326783681696,8.329108522277954,23.265866888188867,3.7554743257610563,2.6190671608481315,1.089985612017144,2.6190671608481315,3.709052772865276,2.1147346313912254,12.607519561500654,79.11652078774617,32.35447605177467
placebo|553,42.7174315663357,11.765184446789211,5.189577528114102,14.483657394461924,42.77176802663214,12.265341976492406,17.149383345101473,1.7254280611216282,2.5880228732130726,5.176422890465114,2.5880228732130726,7.764445763678185,2.022753715230875,12.4773920141405,79.18490153172867,29.474876251759653
placebo|560,42.064967376877405,14.439989276677167,4.812396370448704,20.69902905593688,43.64172654271311,8.361861184407092,20.717491630338795,0.8539473469605272,2.740145508508178,0.7368338910666993,2.740145508508178,3.4769793995748772,1.997511869904443,12.533949020435726,79.19173960612692,29.758786604002395
placebo|567,42.04412993680836,14.524734856065358,4.801081713847223,20.885477383407558,41.09173701062952,8.390525437553514,22.22957646741829,2.014817698043116,2.5894753569769366,0.3856194050697881,2.5894753569769366,2.9750947620467247,1.9089486611056243,12.37517391157072,78.99343544857767,30.0875333153877
placebo|574,41.90719988474539,15.080582885879801,4.8047573939368915,20.82490776745064,40.39900321172058,8.246772316818687,23.321883703007096,3.3272974797735886,2.815738312472343,0.605791951211455,2.815738312472343,3.421530263683798,2.0251088524474246,12.597310743768405,78.98659737417944,31.805286147909896
placebo|581,41.93124233201178,14.983117234456023,4.80603100439209,20.80392060473023,42.23413057257602,8.436496272217898,23.021904010889234,3.2164044317171996,2.5099323554520776,0.794878595272925,2.5099323554520776,3.304810950725002,1.8583795200369528,12.43641795778086,79.08460977388766,30.784514451494616
placebo|588,42.03905270610504,14.545377520700853,4.80844910760545,20.764073942505988,41.66930572591071,8.17862586973969,22.477070823668832,2.6249620352166425,2.695500717244422,0.7482693859927798,2.695500717244422,3.4437701032372012,1.995701781490453,12.722487470362006,79.19515864332604,30.72764434766316
placebo|595,42.15957861464618,14.054678531539889,4.813647170300367,20.678417777260282,42.511263940832535,8.32179718710988,22.15419549790519,2.0002892813564306,2.6730405578523944,0.4464719578962056,2.6730405578523944,3.1195125157485997,2.035765523247712,12.589721143200808,79.1655269876003,29.98773850228091
placebo|602,41.96314729798754,14.853691415420755,4.775307937130548,21.310190013289542,42.59744772137968,8.35896560081111,22.54777888858239,2.658126552633464,2.7444459213094037,0.7107258384960381,2.7444459213094037,3.455171759805442,2.0211040449571995,12.502873461427608,78.91365791393142,30.994363674648163
placebo|609,41.90316449498389,15.096936469428746,4.797726034719734,20.94077387033466,41.72013614339244,8.523874612173543,22.527532696988143,2.66578064552038,2.512806103132752,0.7386261229771979,2.512806103132752,3.2514322261099498,1.9184254292419558,12.440235531697263,78.61392231947484,30.803187977847962
placebo|616,41.82490442390571,15.413777217741377,4.836515817088554,20.30157726893971,42.01555257857913,8.488940071189392,21.664273441181997,2.0779335408005104,2.5743169790058578,1.0140382740634777,2.5743169790058578,3.5883552530693357,1.8992827450881415,12.455546944264007,78.53072574762948,30.23450843967992
placebo|623,42.026351973492645,14.597004391013769,4.81721751386802,20.61958394693463,42.87822993983236,8.37476897291825,21.124874748103537,1.1969096160072041,2.8877506919784266,0.6724130423486453,2.8877506919784266,3.560163734327072,1.8855617593858967,12.681736124656803,78.8692104303428,29.65323879515988
placebo|630,41.9171033804722,15.040441885806278,4.825046154906583,20.490579852562263,41.033181309403176,8.389721109072104,22.941966214807696,3.056290516803558,2.4931539799279006,0.7147024764408244,2.4931539799279006,3.207856456368726,1.9212264466871387,12.415660924535823,79.00255288110867,30.549672077297068
placebo|637,41.83229945289411,15.383863324248937,4.792294857496673,21.03027140836018,41.06433781600756,8.071520779238723,21.961152131422875,1.9746106702643829,2.699918348745329,0.6138367132864702,2.699918348745329,3.3137550620317993,1.9998781266789687,12.445214908684203,78.89200401167031,30.64722223926027
placebo|644,41.94417355505197,14.930672244496357,4.817886986942265,20.608552049160256,42.63872305099841,8.385909444475873,21.446157649488537,0.9399209134337159,2.8543050583573923,0.09414143839014297,2.8543050583573923,2.9484464967475357,1.9800847850054828,12.617687497772433,78.30734865061999,30.456541800772886
placebo|651,41.981722597736386,14.77829343581869,4.7917666419936085,21.038975596260812,42.672178700668205,8.215123370520415,22.378255094549807,2.3930534623314323,2.8617510235638504,0.6151765422265862,2.8617510235638504,3.4769275657904375,1.9903070091104709,12.557398691185517,78.19566010211526,30.6831446657244
placebo|658,41.960800236769984,14.863215868317647,4.777768683786985,21.269640651998134,42.414845619574685,8.346152860226102,23.017924462647407,2.994623616590511,2.834181255988648,0.5770773283880607,2.834181255988648,3.411258584376709,1.9713709999716487,12.59646481125552,77.95062910284464,31.196282488016397
placebo|665,42.059683296289656,14.461483533005548,4.808484674197278,20.763487859181172,41.235653155644,8.189751103267191,23.219679090039737,3.166888237159436,2.6548157203967855,0.5475873215646626,2.6548157203967855,3.2024030419614467,2.0175991860102425,12.645787887860438,78.29481218088985,31.00335259810147
placebo|672,41.8926499414157,15.139539734252505,4.796433752358255,20.96206871766446,41.80338316634279,8.106423300504709,21.3298302708192,1.1249278130461358,2.5122039018921383,0.39547571667189296,2.5122039018921383,2.907679618564032,1.9566937219573919,12.53692825587674,78.80766776075856,30.392324764088187
placebo|679,41.98303560804766,14.772962605048988,4.784099436279759,21.165319482078214,42.13947439299026,8.31989342384037,22.962870301002354,2.9034701937321454,2.6286627104720686,0.5409780671747548,2.6286627104720686,3.169640777646824,1.959378842269617,12.465653306421734,79.04814004376368,30.286347008058552
placebo|686,41.943188712327824,14.93466702698063,4.798635453993931,20.925788024222335,42.33432414885387,8.043558265460483,23.187098204095612,2.870649419262738,2.6538496976888957,0.2839293896120877,2.6538496976888957,2.937779087300983,1.9280628709690324,12.587875259391984,78.80310904449308,30.77451877273138
placebo|693,41.86603239242433,15.247341932307368,4.835840851716218,20.312699671431023,42.15945067912128,8.508062889785995,21.453128345915655,1.449461588355596,2.654598862943775,0.5967114168849061,2.654598862943775,3.2513102798286804,1.9377285908734534,12.461333671631234,78.92619438366155,29.986320612002604
placebo|700,41.97360994362337,14.811227169074414,4.812859459153959,20.69139805858483,42.42110596207079,8.43575598849069,21.48412966526745,1.9704568541344247,2.7699988091858923,1.0867053633119388,2.7699988091858923,3.8567041724978317,1.9848649353102852,12.545601558872438,79.08460977388766,30.135852040672003
placebo|707,41.77950826272589,15.597294955546982,4.764655348627096,21.48572846572847,41.225073633697775,8.238512180150233,22.85735068436915,2.956240552579148,2.64194809244993,0.6992680426549626,2.64194809244993,3.3412161351048923,2.078174091254826,12.493795021290492,79.3467359591539,31.091866636650394
placebo|714,41.98329580081478,14.771906200856733,4.795689170763707,20.974338289588612,40.997874500842045,8.478020575711247,23.900929530288888,3.6886454222534137,2.664437966095619,0.388094066409485,2.664437966095619,3.052532032505103,1.9513104438574242,12.524092743526635,79.21909190371991,31.181957987260333
placebo|721,42.02102213480723,14.618664863785579,4.806960090085544,20.78861068594766,41.25076319787146,8.334706091645165,23.22525438163732,3.452788330979996,2.7748661994236645,0.8279121237876447,2.7748661994236645,3.602778323211308,1.9240984794383789,12.536713606065133,79.19971735959153,30.88883842143674
placebo|728,42.098398311011024,14.303938406479999,4.847312161614951,20.12366993594291,41.106711423694506,8.348966756187123,21.201898827285913,1.1980518439967331,2.692281009755994,0.5965311911557816,2.692281009755994,3.288812200911775,2.0251436982864046,12.434643365290293,79.23960612691467,29.574660134002528
placebo|735,41.959884162260146,14.866933184765784,4.793743196908671,21.006404978252025,42.77709036604617,8.331424782226682,22.083355382532137,2.0887216052883484,2.614298785307333,0.6057443972011688,2.614298785307333,3.2200431825085016,1.9317547235341719,12.725642599308195,79.23732676878193,30.819043675788286
placebo|742,41.96610685158943,14.841680688543956,4.794987116902885,20.98590706915967,42.38911469458532,8.223438955701061,22.21830437313936,2.2775501280172556,2.7242183202457637,0.6596239293228583,2.7242183202457637,3.3838422495686222,1.9302540144247928,12.607540597727423,78.9740609044493,30.11040091647062
placebo|749,41.984659614878744,14.766368895665016,4.816975384369249,20.623573872715617,42.17424982471797,8.254614205927775,22.64895489456057,3.1813844907134587,2.7996537325601216,1.1328077705978499,2.7996537325601216,3.9324615031579704,1.9318015282752645,12.600916787758031,78.89884208606858,30.874740345499614
placebo|756,41.90970090959426,15.070446588988995,4.794213151541026,20.99866084086669,40.83118816871778,8.240785692920815,23.978872478751313,3.7710796986519513,2.6639860295322975,0.39258539434559875,2.6639860295322975,3.056571423877898,2.172088679582969,12.53048272087432,79.09714624361779,31.444285896716533
placebo|763,41.80616924667817,15.489539874486692,4.780855365627046,21.2187768311343,41.30175514713223,8.236587664811335,21.775262356136285,2.088235810375651,2.663575522705349,0.9133516286843307,2.663575522705349,3.5769271513896785,1.9958914243315524,12.698906461316023,78.60594456601021,31.462969190813173
placebo|770,41.92600208221034,15.004365441761013,4.781137966919922,21.214119991757418,42.70494629477199,8.39234368742064,22.76322663503821,2.587707034841811,2.892144724307973,0.4248585742485755,2.892144724307973,3.317003298556548,1.953458065076161,12.661470260665855,78.68002370532457,31.439536644006143
placebo|777,41.9867458648192,14.757898036193007,4.823611196684771,20.51422578101334,41.06446005086979,8.478565360060166,22.764850299323395,2.9200373031109694,2.6672586638804527,0.7555651782325322,2.6672586638804527,3.4228238421129857,1.9377164004284824,12.551887322272092,78.61848103574033,30.475290927287002
placebo|784,42.08660888481914,14.351929112449346,4.795226682923641,20.981959385596472,41.102940229077745,8.336538520469539,22.574351678941245,1.9909943114565727,2.65907243563541,0.017020806960300474,2.65907243563541,2.6760932425957105,1.8686057763705135,12.52129594673014,79.24986323851203,29.97753841888184
placebo|791,41.859207464262575,15.27497214335839,4.77837461638505,21.259655804605202,40.0307500877221,8.332915653813238,23.242556847097546,3.4520638744859826,2.7336176510501793,0.8098852018334023,2.7336176510501793,3.543502852883582,2.1211134818907413,12.546352247080087,78.78601385849744,31.41113343528863
placebo|798,41.9152401674429,15.047994613676885,4.79001449132634,21.06784837365876,41.311589043245135,8.090885880909026,22.826836039739316,2.9547865076062645,2.7359471175563383,0.7283286423119008,2.7359471175563383,3.4642757598682388,2.0295814053810926,12.558763405540693,79.30342815463165,31.27339845215343
placebo|805,41.923046345916866,15.016349213828228,4.798703784779667,20.92466203682706,40.6290142854531,8.413832779846032,23.868040558068124,4.209130198519723,2.773900207590646,0.9414678148965607,2.773900207590646,3.715368022487207,1.975969165724685,12.583593172344967,79.21795222465353,31.85720950149531
placebo|812,42.09265708189778,14.327310657909953,4.817288802268235,20.618409222552238,42.6158752801173,8.359936026768185,21.324674274139202,1.1721595326712335,2.8400703348138205,0.4478634329769954,2.8400703348138205,3.287933767790816,1.9665927422223792,12.718898623990107,79.31254558716265,29.895748352743723
placebo|819,41.93236440448539,14.978567100712525,4.7831868116778,21.180358147115708,41.88738208620267,8.334337617099424,22.842017265929016,2.749890045988655,2.893140081486221,0.5082509545046049,2.893140081486221,3.401391035990826,2.115459579143337,12.512885545572905,79.18946024799416,30.62582945611479
placebo|826,41.90243973249539,15.099873432505074,4.785947667251956,21.134863447424856,40.42802102716054,8.327268944180389,23.690656183940327,3.4243091984637686,2.7410763951594657,0.3340311889684074,2.7410763951594657,3.0751075841278737,2.0554367485687557,12.560520038451529,79.02078774617067,31.55433498984263
placebo|833,41.91631694426265,15.043629827752492,4.804364231601527,20.83138648460797,41.868883071431405,8.501343578063338,22.756473857979596,2.816036293750715,2.692190620970489,0.6599406102160745,2.692190620970489,3.3521312311865645,2.0570719921998455,12.33868979875523,79.19287928519329,30.894764609484994
placebo|840,42.000676243265715,14.701325339140103,4.796147218540116,20.966790359075016,42.33663283680568,8.413155007928474,22.63291388976436,2.68551355031547,2.9938540265923854,0.652977834996073,2.9938540265923854,3.646831861588459,2.07882825734448,12.591255751412639,78.76094091903721,30.675952560319647
placebo|847,41.956760462413406,14.879608160138059,4.786553227613105,21.124884733930006,42.53309879067542,8.24790420878797,22.60413554553558,2.5113770919303984,2.936223575221619,0.5076197208397828,2.936223575221619,3.443843296061401,1.8839925955661738,12.660911737889824,78.41675784099196,30.653256967922648
placebo|854,42.00931321334544,14.666240292130095,4.790182963964197,21.06507220088928,40.95159595757464,8.234137527896456,22.928701561538546,3.1687845394171528,2.705139129965391,0.8404611523235755,2.705139129965391,3.5456002822889663,1.9050323641636795,12.603878885700729,78.62076039387308,30.670337550356226
placebo|861,41.98180319272848,14.777966224406935,4.779626956087336,21.23901915153297,40.480949068779324,8.343672845798633,23.500820717783533,3.716779220882581,2.588909121887083,0.8163366775440001,2.588909121887083,3.4052457994310834,1.9955319938622675,12.517697631715452,79.14045404814004,31.358233190866397
placebo|868,41.97637250270664,14.800013134203649,4.804059657670462,20.836405399634593,42.34144405985403,8.340210660519691,21.14314789112079,1.4980660081936412,2.8140172014326543,0.9552962915178117,2.8140172014326543,3.7693134929504666,2.0560297050222625,12.560712780000324,79.18718088986142,30.65692665745384
placebo|875,41.84309039157897,15.340203027145094,4.780961758113213,21.21702364482031,41.997022375043,8.083892176559802,22.123430566815347,2.0755702329692722,2.6127723450494917,0.5525178405988941,2.6127723450494917,3.1652901856483857,2.076887977444151,12.66501222276261,79.29545040116702,30.97413179837481
placebo|882,41.97348781398669,14.811722911935366,4.792830330205956,21.02144763274165,41.03706206097218,8.366349901239433,23.87819413896245,3.89376029083555,2.6715585872761096,0.6159443263180676,2.6715585872761096,3.287502913594177,2.0471093060438594,12.610367808204828,79.29545040116702,31.167619739302705
placebo|889,41.864172186026266,15.254873285303361,4.794853173094905,20.98811425934248,41.1737601396539,8.371482368624925,23.430548399858793,3.6666882724470695,2.674215685475958,0.8365180470332456,2.674215685475958,3.5107337325092027,2.035557618762807,12.621438406888458,79.2236506199854,32.110872763363936
placebo|896,41.82288068623212,15.42196258895533,4.787481116336901,21.10959453938641,42.71900254432977,8.366583838749264,22.0382544714525,2.1465288795443707,2.7072001046567076,0.7086525825368372,2.7072001046567076,3.415852687193545,1.9175603922261066,12.610931364338512,79.30342815463165,30.72561541799101
placebo|903,41.820704282512466,15.430765003455516,4.804421885696088,20.830436432840493,42.74280740619146,8.491814977440376,21.196926948602357,1.175706888347373,2.697547184955466,0.579158114189978,2.697547184955466,3.2767052991454446,1.9764409153002862,12.500419562074,79.1609682713348,30.83417512776707
placebo|910,41.941378197724596,14.942010708196719,4.79150775068483,21.04324173117047,42.762137890010024,8.384246155219898,21.771415815677564,1.6122077765800127,2.718166564893328,0.4411701353474113,2.718166564893328,3.159336700240739,1.9557845076435192,12.413765313509488,79.17236506199855,30.210728721998887
placebo|917,41.98643536717048,14.759158785213744,4.811458708466029,20.71448029891847,41.89274429083919,8.250188189392597,21.69671023194043,1.9165142097934813,2.864623544556715,0.820182152298014,2.864623544556715,3.6848056968547307,1.9937537843379856,12.393510302005046,78.92619438366155,30.21526808688887
placebo|924,41.88491364255544,15.170879134582327,4.794279330608995,20.99757031050674,41.68764635872944,8.303201270283038,21.720894254697882,1.7508279159008666,2.7066219926819657,0.6303118356479473,2.7066219926819657,3.3369338283299133,2.146000469501734,12.565996497950305,78.99799416484318,30.468797388152634
placebo|931,41.852592389351344,15.30174848026049,4.797109256113319,20.95093744344485,40.80975929913857,8.171584557033224,23.32068785236715,3.672145111053819,2.5794967635222554,0.9518354331316244,2.5794967635222554,3.531332196653881,2.0297115760638693,12.494850935163775,79.09372720641869,31.341802309462434
placebo|938,41.87847903320701,15.19694103987993,4.7992057544284785,20.916390340675918,42.34292007703606,8.49452363387003,22.440259860666966,2.4877300042012562,2.6967312416009808,0.6478483179792467,2.6967312416009808,3.344579559580229,1.8854646560235102,12.538825018935954,79.08916849015317,30.49177270886468
placebo|945,42.05344690578215,14.486848062721712,4.827893887727755,20.44365354800952,42.488705752919365,8.39317529187177,22.060233066593476,1.5422601439436592,2.6222679275303484,0.08240525179513931,2.6222679275303484,2.7046731793254883,1.9403902659849313,12.393490762146877,79.23732676878193,29.697623255450946
placebo|952,41.90043729963161,15.107987649363185,4.783885403874083,21.168846410509936,39.83606735482904,8.249140562236846,23.344676462494277,3.368598323986795,2.671334626662382,0.62430003593748,2.671334626662382,3.2956346625998623,2.0447064264072035,12.524639496925033,79.10056528081691,31.532819220941942
placebo|959,41.82218077624642,15.424793408671722,4.793053346360781,21.017772665791203,40.12112250671922,8.230419828925388,24.414246305761253,4.611303590621319,2.6378285353535103,0.7974354593050161,2.6378285353535103,3.435263994658525,2.0691439052961567,12.508453055600025,79.24074580598104,31.941219449495335
placebo|966,41.91322586320619,15.0561594278103,4.786326535219499,21.128620279702794,43.0667802716713,8.254443798103658,21.561972665938796,1.5087837124624572,2.9438150805170094,0.547189220968624,2.9438150805170094,3.4910043014856336,1.961214344209023,12.771138637227262,79.2236506199854,30.399138887886863
placebo|973,42.06899347873545,14.423610335973692,4.805897498130964,20.806120584806564,42.84529319324003,8.371783854742574,21.510945224999467,1.506443450652416,2.795200239274731,0.5958764000979156,2.795200239274731,3.3910766393726473,2.0200271233303275,12.599895015703396,79.11993982494529,30.1902678185617
placebo|980,41.921843093706876,15.021227451793973,4.7999671272474735,20.903844074917867,41.40165815756903,8.333286692788176,23.37076260953437,3.123451538955184,2.6853046938719327,0.3530671038657887,2.6853046938719327,3.038371797737722,2.073591766192707,12.699976250447717,79.20769511305616,31.58574074418362
placebo|987,41.893532999731946,15.135962136508663,4.807618213591213,20.77776581179699,43.02741859990583,8.369356659100314,20.411799821163356,0.3609798851081437,2.738841107223835,0.549558238389752,2.738841107223835,3.2883993456135876,2.1059578775004657,12.632026523377846,78.59454777534647,29.8860479417058
placebo|994,41.72889194470541,15.801680620088533,4.795821515003187,20.972157457861197,41.05319401180287,8.475450255557385,22.49069109295913,2.896551267574858,2.6759239202885388,1.0062383490606948,2.6759239202885388,3.682162269349235,2.0153777964083646,12.528171566351157,79.09372720641869,30.947995191330197
placebo|1001,42.05274423529247,14.489705715102929,4.798845079717946,20.92233371120038,43.51293429545285,8.326060599631424,20.813479776776614,0.9261715883510429,3.0116484943941395,0.7130699860193913,3.0116484943941395,3.724718480413532,1.9670660398652595,12.673266826813279,78.98203865791392,29.560525282930385
placebo|1008,41.944143994068554,14.930792153026552,4.79395410323915,21.002929562783766,41.737470940865066,8.305980696554476,23.06050065617353,2.51278122899158,2.875231475589201,0.05265874726299859,2.875231475589201,2.927890222852199,2.069140807947871,12.654028838871065,78.8202042304887,31.42834384986653
placebo|1015,41.89912870494242,15.113290100075371,4.789503590118939,21.0762672483076,42.39361546363155,8.14023027154155,22.40507651713818,2.1546760951382775,2.847560395422554,0.3499777524450526,2.847560395422554,3.1975381478676055,2.0815665207253953,12.591806175535805,79.06181619256017,30.816863117212158
placebo|1022,41.83653224542202,15.36673872550356,4.802972324496395,20.854322996151097,42.97904421088412,8.483948973085269,21.74814648169819,2.157677881411527,2.789919913551499,1.00990957415831,2.789919913551499,3.799829487709808,2.0756676277275212,12.600825988636535,79.04016229029904,30.63155758900178
placebo|1029,41.82658850787016,15.40696533514403,4.820753376590529,20.561318308480214,41.02435073873673,8.358315724537713,21.812511438388835,1.6002690383030351,2.4943917862163842,0.3881357743591574,2.4943917862163842,2.8825275605755425,1.9755046358533155,12.273805184400976,79.28975200583514,30.01057799886176
placebo|1036,41.890115966994024,15.149805388614457,4.777974329379965,21.26625192548055,41.19330027076805,8.289531813432838,23.20682841631352,3.422467418240327,2.5785839389878387,0.8160171763717635,2.5785839389878387,3.3946011153596025,1.90364189033041,12.420848663933489,79.10512399708242,31.473197442635804
placebo|1043,41.88176762350772,15.183621861461539,4.788652110264749,21.090298340923162,40.43240123902995,8.234259789226568,22.85747094619827,2.857933447015221,2.746705915579018,0.600840675261914,2.746705915579018,3.3475465908409316,1.8999712545592042,12.59764552301919,78.70281728665208,31.2472863048277
placebo|1050,41.80150750517373,15.50838608600803,4.790335481330508,21.062558946721655,42.09876946271549,8.224159046972607,21.81539870767903,1.7162585382677873,2.8873239085912594,0.50123800503372,2.8873239085912594,3.388561913624979,2.1780449387737013,12.567492545705225,78.34837709700949,31.648447349314846
placebo|1057,41.98793898315593,14.753053394968429,4.789699827175123,21.073033560162933,41.466592578384976,8.37972163283951,23.328569972535753,3.509377466371132,2.62551962010237,0.7811856682803471,2.62551962010237,3.4067052883827165,1.933186703132993,12.449105340215437,78.28911378555799,30.68942865589622
placebo|1064,41.909410761842466,15.071622547449548,4.811490639011675,20.713954132103098,43.347368644743355,8.427048848812081,21.204347603483367,1.2638564111651296,2.779875395915426,0.659886982126727,2.779875395915426,3.4397623780421536,2.0549296173339346,12.653178071326401,78.89086433260394,30.223079018505988
placebo|1071,41.884085963769046,15.174231681549177,4.790938154029574,21.052627817504856,41.695041845118475,8.335825492443917,22.994322014623606,2.469746537314246,2.7205288558752723,0.07580269713559896,2.7205288558752723,2.79633155301087,1.948852781264512,12.590921295438754,79.2886123267688,30.782640480006513
placebo|1078,41.94592152403274,14.923581789163087,4.792955131258493,21.019391101259377,41.856166657531645,8.3640810071327,21.75463714036053,1.908754262471134,2.823887864519444,0.7544952965555735,2.823887864519444,3.5783831610750174,2.07385108125539,12.621606945488464,79.04244164843179,31.019113969482692
placebo|1085,41.96095898182648,14.862571692367933,4.814927693296414,20.657316706382932,41.712736912202544,8.262416814903695,22.037102185051523,1.4976913447292852,2.7238675372588643,0.06096733412273136,2.7238675372588643,2.7848348713815967,2.0949003498402234,12.682207466966494,79.1735047410649,30.31539854316439
placebo|1092,41.93926782260485,14.950570262315777,4.803523493584932,20.845240568081834,41.02896164537928,8.334395799652885,22.76175701884353,2.709170554096618,2.66373395714829,0.5477917096980591,2.66373395714829,3.2115256668463488,1.955915300205818,12.714450034241182,78.99001641137856,30.989204838667344
placebo|1099,41.86539507751357,15.249922244723212,4.777472805052958,21.27451628340583,41.692871149052934,8.108088465459959,23.560089316711938,3.5610073814405685,2.581474032344502,0.6012962391735953,2.581474032344502,3.1827702715180965,2.0375095350328887,12.632946496352277,79.13703501094092,31.64771071441187
placebo|1106,42.03091704595641,14.578449745181155,4.785666097242163,21.13950329282548,40.93715973181939,8.337992602393838,22.69733781192929,2.7826558880116243,2.6197975806834286,0.6856962505272941,2.6197975806834286,3.3054938312107227,1.878342158417485,12.481111669518715,79.22706965718453,30.343890591896034
placebo|1113,41.988831734926706,14.74942829816931,4.7827345941411386,21.187810004147977,41.51642292508326,8.244810350661162,23.60383459543218,3.6363755654542342,2.6668172754215282,0.6329191444670156,2.6668172754215282,3.299736419888543,2.0869666910872957,12.550789367891172,79.26809810357402,31.602570587998848
placebo|1120,42.007886027166414,14.672038296639156,4.79520917009981,20.982247970290434,40.590712759227934,8.368129854059916,23.413771310528336,3.6145233811702266,2.6444306350063655,0.8011302450868617,2.6444306350063655,3.445560880093227,2.0411101933694487,12.597507078665911,79.12449854121078,31.219821913567557
placebo|1127,41.94226152021373,14.938427877625049,4.794400715856959,20.99557006628726,41.60054043837314,8.113038367543995,23.014901225482532,3.29354454296176,2.573512076035891,0.8790214919241935,2.573512076035891,3.4525335679600846,1.9303836651893826,12.508649966382244,79.2145331874544,31.364358919466557
placebo|1134,41.91623028466366,15.04398111230686,4.804226690104891,20.83365295922659,41.41705001434628,8.397021126556705,22.829842349932857,2.9846273628254743,2.7339011344788235,0.755163187337581,2.7339011344788235,3.4890643218164055,2.1239940856153274,12.717919193582325,79.25898067104302,31.41812705196083
placebo|1141,41.97548211183523,14.803627571633704,4.813328718418723,20.68366537979951,42.71428941761122,8.344112065058408,21.357600467347343,1.5026144346732457,2.8101963466412694,0.7453921417708609,2.8101963466412694,3.5555884884121305,1.960148216503694,12.728419303316366,78.61962071480671,30.135866630213144
placebo|1148,41.83345644661302,15.37918264956495,4.8020365362005375,20.869743363624426,41.90215223035834,8.328789714027442,22.20676834553451,1.9257510911111788,2.600455739418596,0.31936092002164373,2.600455739418596,2.9198166594402384,1.9309009728586644,12.647671785732026,78.86465171407731,30.652227535176234
placebo|1155,41.88258204000744,15.18032321704731,4.813888621844681,20.67443902313737,43.07234522113814,8.483850135788288,21.72686035993318,1.688779654653243,2.755008606203261,0.5622974691650191,2.755008606203261,3.3173060753682795,2.051432508293556,12.604925563944565,79.23162837345004,31.28749993453848
placebo|1162,41.948630025339654,14.912594450174998,4.778164037361673,21.263125826550365,42.25913550121451,8.357989905537053,22.853130267825613,3.021357097711724,2.676920567246907,0.7686050043310729,2.676920567246907,3.445525571577981,1.9372145780080157,12.620531717922386,78.82362326768782,31.08545621408421
placebo|1169,42.007513396001485,14.673552094154585,4.795887678120931,20.97106719033667,41.106958845923,8.228030670259113,23.711196105100726,3.9080437132038814,2.7445370443301873,0.7972257825481184,2.7445370443301873,3.5417628268783057,2.0700895215748605,12.461770144990671,78.26062180889862,31.07847368476284
placebo|1176,41.9578367122685,14.875241188839661,4.804993871876053,20.821010970774157,41.36011436582716,8.416286777134857,22.855091768246012,2.997338639795732,2.672264351696244,0.7426250459946759,2.672264351696244,3.4148893976909203,1.933518489344452,12.425539253795142,78.45094821298323,30.108477470687262
placebo|1183,41.96340078638946,14.852662719134957,4.803023970987121,20.853471940555266,41.35270723228528,8.368437386245224,22.717394445762537,2.8613462240427157,2.542521541315178,0.7443299527251451,2.542521541315178,3.2868514940403224,1.891574390589747,12.585312666450621,78.70395696571845,30.68334823731992
placebo|1190,41.94194109715978,14.939727549298155,4.798197904174904,20.93299817958243,42.17317036980338,8.318015115645238,23.158783056289558,3.1483898070695284,2.5984878685994963,0.5899849252249384,2.5984878685994963,3.188472793824435,2.1097197325481676,12.480102597580228,79.2692377826404,31.163935334348185
placebo|1197,41.87934726491117,15.193424700731962,4.814262405925588,20.66827963013279,41.45677877344731,8.387644594224687,23.79090750843658,3.4525347217973175,2.635286720476272,0.26200538780570126,2.635286720476272,2.8972921082819734,1.9736114116706551,12.73941893303305,79.20769511305616,32.075063013878
placebo|1204,41.93479834396334,14.968696775930523,4.79271712242319,21.02331312477529,41.421198861814645,8.116794514805148,23.403871446506272,3.4549662676831634,2.8061791334025057,0.6514729956218487,2.8061791334025057,3.4576521290243547,2.027929976065356,12.60427531816854,78.78943289569656,31.985544476352157
placebo|1211,42.05565703572814,14.477859494215451,4.809146469141065,20.752582485315806,41.95008819581262,8.390034685744595,22.48207932491549,2.053345706714881,2.5003865292589453,0.17164455624436398,2.5003865292589453,2.67203108550331,2.1461346391298517,12.31969285294619,78.84983588621444,30.231748325682556
placebo|1218,41.99832235407476,14.710886042437243,4.796033601793109,20.96866259021718,42.680723190713145,8.323132356654346,21.49779182570566,1.4189437191531316,2.433616380392274,0.521530067892439,2.433616380392274,2.955146448284714,1.9428003447881024,12.575697810427227,79.28177425237052,29.77880921074272
placebo|1225,41.89779865205788,15.118679330106277,4.842585321940089,20.201561062703632,40.4456277887046,8.350331425909872,22.42085884284816,2.5240565396727628,2.8425583840927016,0.7035758712695682,2.8425583840927016,3.54613425536227,2.1441359025009703,12.549116232477367,79.22592997811816,30.431671630568253
placebo|1232,41.85574687695896,15.288980351052794,4.794997141244839,20.985741883254573,43.52838631670881,8.330299543031144,20.58152704340188,0.5016284796953939,2.8772226570230464,0.5204796107384771,2.8772226570230464,3.397702267761523,1.995686026014749,12.668299866202288,79.23960612691467,30.428030963970443
placebo|1239,42.02240424036327,14.613048248466143,4.8259457515461,20.475755868526,43.764098231343915,8.433881724807163,20.518541672979733,0.5508803122170937,2.739543490418595,0.6327168136823266,2.739543490418595,3.3722603041009216,1.8881869291858746,12.615368459818797,78.98659737417944,29.108489137954898
placebo|1246,41.88261664950274,15.180183036223948,4.7809578419704915,21.217088176894617,41.36097146455765,8.198686380789487,22.71487406076391,2.6720824475487945,2.6276684385124085,0.5575865612298476,2.6276684385124085,3.1852549997422566,2.1419712468759555,12.53264453281526,78.80652808169219,30.819323730581715
placebo|1253,41.89097987777664,15.146305577157083,4.832157214295408,20.373400412099397,41.907294851508716,8.44927002330119,20.825598538892375,1.3450097954070381,2.7446435632910795,1.1197894309596275,2.7446435632910795,3.864432994250708,2.019146572104146,12.6416939795098,78.99229576951132,30.05452674408189
placebo|1260,42.022091633031,14.614318641647895,4.812767053725935,20.692920759459543,42.837504476800035,8.23862384185654,22.202953950765078,1.9685643969046873,2.7143323498711562,0.365988620584568,2.7143323498711562,3.080320970455724,1.8646228836540877,12.562838656116327,78.60366520787746,29.759584781281273
placebo|1267,41.922328516007745,15.01925946436421,4.817606345614482,20.613176591294156,40.80700408989551,8.355030916916629,21.589461252416225,1.7304948879169781,2.60181204041614,0.7414118099457173,2.60181204041614,3.343223850361857,1.936663197857161,12.59153695438176,79.2099744711889,30.18280088176167
placebo|1274,41.98314702803586,14.772510231466928,4.80395569828989,20.838118492069924,42.906397884091476,8.358640955942501,21.743235374417978,1.7812954285346425,2.716564162854188,0.6384382285616266,2.716564162854188,3.3550023914158142,1.928955784627537,12.602485566214957,79.32964077315829,29.74095198319763
placebo|1281,41.9943462640984,14.727034360729018,4.7928590163817075,21.020974928206392,41.33621461350688,8.357663497878908,22.49429896301139,3.0170437666781433,2.829292590461733,1.123122978111719,2.829292590461733,3.952415568573452,2.0861004578252413,12.546456582225144,79.17008570386578,31.257258886904886
placebo|1288,41.94948167624784,14.909139486245703,4.808942239821974,20.755947873794323,42.59334195718867,8.342348299543573,21.629888679098833,1.5010872426235213,2.748471516482858,0.47157673796965455,2.748471516482858,3.220048254452512,2.065940912249249,12.711048179288941,79.29089168490154,30.615972681121345
placebo|1295,41.94782132688292,14.91587510035326,4.782534982217883,21.191099304967707,40.544798986061046,8.03946369292831,22.952101462885853,2.9115009381316104,2.5772717206797884,0.5597776496907206,2.5772717206797884,3.137049370370509,1.9733140285554474,12.489390273343975,79.28633296863602,30.432293351526674
placebo|1302,41.794364253278495,15.53726032279269,4.777916811390212,21.26719973444785,40.8981276346969,8.238232024664653,21.71565017057962,1.7808218087954173,2.8878082961710003,0.6655498126607613,2.8878082961710003,3.553358108831762,2.1314046244967435,12.707466561330753,79.2145331874544,31.552782709378402
placebo|1309,41.81932354997921,15.436349106760572,4.781690921706977,21.205008138093216,40.253453231019286,8.226975371506086,23.872952919757036,3.567236260473278,2.779727998407228,0.2946615151612058,2.779727998407228,3.0743895135684336,2.082360161581233,12.621946244050502,79.10284463894968,31.358790498263602
placebo|1316,41.80336890814103,15.500861168755698,4.796218765481747,20.965611374323423,42.332457590429065,8.45474244893589,22.521466861271456,2.6793182534557367,2.9419373109818996,0.75822956662925,2.9419373109818996,3.7001668776111485,1.9996424956498697,12.657166069480166,79.29431072210066,31.320269896680365
placebo|1323,41.902206129522845,15.100820053598184,4.780111883816717,21.231028280287656,42.59778241414277,8.26203587065852,21.090501186144742,1.1392169671929002,2.957293460817592,0.649093955493121,2.957293460817592,3.6063874163107132,2.0033835645428333,12.683237490002641,79.0242067833698,30.1536797879428
placebo|1330,41.96540494877739,14.844529290352115,4.7891684943730315,21.081789116409098,42.021764833254906,8.407598651801948,22.877086509929345,2.740542608502542,3.0025366997449177,0.46383427301815516,3.0025366997449177,3.466370972763072,2.0338179124309157,12.74674104913093,79.12335886214443,32.13976997744853
placebo|1337,41.888149586038274,15.157771176576029,4.796229900184419,20.965427891362943,40.75896340383821,8.19588826560735,23.314993927029533,3.654825468061288,2.6729167598115104,0.9402097154767156,2.6729167598115104,3.613126475288226,1.9123867303558961,12.532034696886127,79.19629832239241,31.49539261426885
placebo|1344,41.931574564590015,14.981770005588846,4.792975338564913,21.019058115591537,41.30372439786634,8.305205688842983,22.840146719973315,3.0250147366994082,2.774624943675114,0.785246191171058,2.774624943675114,3.5598711348461722,1.9428156329684265,12.627847013777677,79.17692377826403,30.74195787200591
placebo|1351,42.015142919218874,14.642554818621633,4.808532783125243,20.76269509723785,40.59207908419739,8.41782323196752,23.012550430755567,3.0530524618668844,2.7811704693008688,0.6408802055562854,2.7811704693008688,3.4220506748571538,2.030590722899821,12.58446691843572,79.33989788475564,30.801045136033444
placebo|1358,41.97984562435343,14.785913670966199,4.783146391170126,21.18102421558926,41.20802126119525,8.366583838749264,23.39544888994954,3.374356162058754,2.674921718774557,0.5792854465541745,2.674921718774557,3.2542071653287303,1.8645208235049588,12.459403911407689,79.18490153172867,30.808566197475674
