,es_red,var_red,hedge_cost,shift_days
placebo|7,21.022043749124585,15.115807590109698,3.121291141143798,7
placebo|14,20.546000697820975,14.879700649384075,3.209314322086764,14
placebo|21,21.107066194907787,15.09268669181637,3.505138644583913,21
placebo|28,21.28168337737155,15.068417479529138,3.7118988930861274,28
placebo|35,21.15269950649431,14.913919603449255,3.3612180711454567,35
placebo|42,20.72468294368923,14.896437288862652,3.63456751784345,42
placebo|49,20.9119710499326,15.161130346269157,3.279096927894669,49
placebo|56,20.662366389481345,14.779132693414908,3.239575985903457,56
placebo|63,20.748918699873997,14.982220812148972,3.348322332662834,63
placebo|70,20.995167199769938,15.01954728556707,3.5088261116849027,70
placebo|77,20.66505729409871,14.85636583447275,3.3262116742220713,77
placebo|84,21.241629469867384,15.137230884338182,3.2875633573003644,84
placebo|91,21.02520521053959,14.590901120565025,3.1370974627189536,91
placebo|98,20.929007734424054,15.174341713304418,2.931927786661032,98
placebo|105,20.87109928132589,15.283084834019977,3.2769401818036323,105
placebo|112,20.7441493631615,14.964635758407773,3.3487811783175756,112
placebo|119,21.066874373464138,14.758890776170563,2.616028329838305,119
placebo|126,20.366930075656796,14.78575487666408,2.8973731733713475,126
placebo|133,20.57223235029564,15.656935050106501,3.45057090848399,133
placebo|140,21.12750703131965,14.945903925578829,2.829867414793532,140
placebo|147,20.5799583832291,14.572755790831781,3.0485425269437703,147
placebo|154,20.61114858725602,14.533179137509,3.381856392482058,154
placebo|161,20.995966066143357,15.23416595600926,2.898877767970516,161
placebo|168,20.883590649549298,15.635311877030967,3.1616849145182018,168
placebo|175,20.364861823165093,14.590526207896337,3.855162114676308,175
placebo|182,20.910012866822036,15.528931975415682,3.263387734452883,182
placebo|189,20.537589253594124,15.522069610598887,3.4536921625711803,189
placebo|196,20.790182362929176,14.95901989312587,3.415322881467887,196
placebo|203,20.826283107922716,15.011901670582484,3.237291396126658,203
placebo|210,20.746077945540986,14.949097532694344,3.4773048356627054,210
placebo|217,20.619326320884145,15.238322138959226,3.024828489061009,217
placebo|224,20.48266904987923,15.245049323346404,2.595743990172569,224
placebo|231,21.07706014191547,15.495782382921252,2.8986071661696347,231
placebo|238,20.65182246191287,14.599643809598572,3.223196362820846,238
placebo|245,20.41697005819908,15.329201475647613,3.2623497713086955,245
placebo|252,20.85888300711669,14.415361199414445,3.082639634425813,252
placebo|259,20.70601513141489,14.611647501139291,3.22247886968402,259
placebo|266,20.83011906866116,15.42009069412078,3.133407551911348,266
placebo|273,21.248155557610527,14.699617287756361,3.322086508296443,273
placebo|280,20.28467144656365,14.392066328456,3.550221223074892,280
placebo|287,20.299752533097013,15.00528076875527,3.4458380925169867,287
placebo|294,20.642187827411274,14.452691648219673,3.6439064693471916,294
placebo|301,20.19308959004562,14.119863153042933,3.3466102718666604,301
placebo|308,20.693669483416055,15.017622592948321,3.402518502087727,308
placebo|315,20.694841752276428,14.872922027876289,3.72832048800446,315
placebo|322,20.68631935025901,15.097151654875152,3.212407208709849,322
placebo|329,21.04503590553858,14.794553062813664,3.3539091538534413,329
placebo|336,21.335290458446433,15.293780430401515,3.3531513298744313,336
placebo|343,21.35890871443631,15.162774735871743,3.3284075467085006,343
placebo|350,21.08102671680212,15.024458897957437,3.511507497039708,350
placebo|357,20.86432292099477,15.181856684530548,3.161616019567919,357
placebo|364,20.51051489198289,14.897939455586673,3.497424116617261,364
placebo|371,20.374831688984973,14.560029401381602,3.2278246514082425,371
placebo|378,21.08099670808906,14.842430357694758,3.398094369314542,378
placebo|385,21.096546009070106,15.365032590276472,3.468478482174163,385
placebo|392,20.86731011721613,14.767102278020161,3.511726593994463,392
placebo|399,20.363088755672585,14.479840118701759,3.2001727334318297,399
placebo|406,20.778784402724405,14.986012973070617,2.988580056967503,406
placebo|413,20.901715697788216,14.84945394008983,3.898512381322936,413
placebo|420,21.084385255766247,15.08238493881896,2.9879690563156855,420
placebo|427,20.798300826528205,14.993032636320825,3.763811419808864,427
placebo|434,21.065289960792388,14.704211578386339,3.381300146773271,434
placebo|441,20.88204660520372,14.835473221469941,3.3594609952619567,441
placebo|448,21.070533250494538,14.563425157550459,3.1024418432482075,448
placebo|455,20.800118467350494,14.815111521714119,3.5311170599397825,455
placebo|462,20.96246359003846,14.988987079153803,3.049351967803427,462
placebo|469,21.05269829444092,15.169113290127845,3.0775787106773116,469
placebo|476,20.649848093221802,14.899662684231775,3.4901563958265363,476
placebo|483,20.367275714449683,14.663072390332044,3.2358677087218037,483
placebo|490,20.541601241734487,14.864829471866436,3.3195489136128336,490
placebo|497,21.138872404591137,14.962139127172058,3.3160646408412564,497
placebo|504,21.08681489849362,14.747882994570238,3.2631653647650225,504
placebo|511,20.60305304905207,15.280861292714699,3.3973400071775157,511
placebo|518,21.017974205774582,15.142171750005184,3.0716494884099714,518
placebo|525,20.565153160092564,14.726994271265037,3.6830676708367913,525
placebo|532,21.036832366072076,14.96871271918433,3.739340117822622,532
placebo|539,21.143107436285867,14.884303970029645,2.9776424202844156,539
placebo|546,20.959237432961874,15.3245921571589,3.709052772865276,546
placebo|553,14.483657394461924,11.765184446789211,7.764445763678185,553
placebo|560,20.69902905593688,14.439989276677167,3.4769793995748772,560
placebo|567,20.885477383407558,14.524734856065358,2.9750947620467247,567
placebo|574,20.82490776745064,15.080582885879801,3.421530263683798,574
placebo|581,20.80392060473023,14.983117234456023,3.304810950725002,581
placebo|588,20.764073942505988,14.545377520700853,3.4437701032372012,588
placebo|595,20.678417777260282,14.054678531539889,3.1195125157485997,595
placebo|602,21.310190013289542,14.853691415420755,3.455171759805442,602
placebo|609,20.94077387033466,15.096936469428746,3.2514322261099498,609
placebo|616,20.30157726893971,15.413777217741377,3.5883552530693357,616
placebo|623,20.61958394693463,14.597004391013769,3.560163734327072,623
placebo|630,20.490579852562263,15.040441885806278,3.207856456368726,630
placebo|637,21.03027140836018,15.383863324248937,3.3137550620317993,637
placebo|644,20.608552049160256,14.930672244496357,2.9484464967475357,644
placebo|651,21.038975596260812,14.77829343581869,3.4769275657904375,651
placebo|658,21.269640651998134,14.863215868317647,3.411258584376709,658
placebo|665,20.763487859181172,14.461483533005548,3.2024030419614467,665
placebo|672,20.96206871766446,15.139539734252505,2.907679618564032,672
placebo|679,21.165319482078214,14.772962605048988,3.169640777646824,679
placebo|686,20.925788024222335,14.93466702698063,2.937779087300983,686
placebo|693,20.312699671431023,15.247341932307368,3.2513102798286804,693
placebo|700,20.69139805858483,14.811227169074414,3.8567041724978317,700
placebo|707,21.48572846572847,15.597294955546982,3.3412161351048923,707
placebo|714,20.974338289588612,14.771906200856733,3.052532032505103,714
placebo|721,20.78861068594766,14.618664863785579,3.602778323211308,721
placebo|728,20.12366993594291,14.303938406479999,3.288812200911775,728
placebo|735,21.006404978252025,14.866933184765784,3.2200431825085016,735
placebo|742,20.98590706915967,14.841680688543956,3.3838422495686222,742
placebo|749,20.623573872715617,14.766368895665016,3.9324615031579704,749
placebo|756,20.99866084086669,15.070446588988995,3.056571423877898,756
placebo|763,21.2187768311343,15.489539874486692,3.5769271513896785,763
placebo|770,21.214119991757418,15.004365441761013,3.317003298556548,770
placebo|777,20.51422578101334,14.757898036193007,3.4228238421129857,777
placebo|784,20.981959385596472,14.351929112449346,2.6760932425957105,784
placebo|791,21.259655804605202,15.27497214335839,3.543502852883582,791
placebo|798,21.06784837365876,15.047994613676885,3.4642757598682388,798
placebo|805,20.92466203682706,15.016349213828228,3.715368022487207,805
placebo|812,20.618409222552238,14.327310657909953,3.287933767790816,812
placebo|819,21.180358147115708,14.978567100712525,3.401391035990826,819
placebo|826,21.134863447424856,15.099873432505074,3.0751075841278737,826
placebo|833,20.83138648460797,15.043629827752492,3.3521312311865645,833
placebo|840,20.966790359075016,14.701325339140103,3.646831861588459,840
placebo|847,21.124884733930006,14.879608160138059,3.443843296061401,847
placebo|854,21.06507220088928,14.666240292130095,3.5456002822889663,854
placebo|861,21.23901915153297,14.777966224406935,3.4052457994310834,861
placebo|868,20.836405399634593,14.800013134203649,3.7693134929504666,868
placebo|875,21.21702364482031,15.340203027145094,3.1652901856483857,875
placebo|882,21.02144763274165,14.811722911935366,3.287502913594177,882
placebo|889,20.98811425934248,15.254873285303361,3.5107337325092027,889
placebo|896,21.10959453938641,15.42196258895533,3.415852687193545,896
placebo|903,20.830436432840493,15.430765003455516,3.2767052991454446,903
placebo|910,21.04324173117047,14.942010708196719,3.159336700240739,910
placebo|917,20.71448029891847,14.759158785213744,3.6848056968547307,917
placebo|924,20.99757031050674,15.170879134582327,3.3369338283299133,924
placebo|931,20.95093744344485,15.30174848026049,3.531332196653881,931
placebo|938,20.916390340675918,15.19694103987993,3.344579559580229,938
placebo|945,20.44365354800952,14.486848062721712,2.7046731793254883,945
placebo|952,21.168846410509936,15.107987649363185,3.2956346625998623,952
placebo|959,21.017772665791203,15.424793408671722,3.435263994658525,959
placebo|966,21.128620279702794,15.0561594278103,3.4910043014856336,966
placebo|973,20.806120584806564,14.423610335973692,3.3910766393726473,973
placebo|980,20.903844074917867,15.021227451793973,3.038371797737722,980
placebo|987,20.77776581179699,15.135962136508663,3.2883993456135876,987
placebo|994,20.972157457861197,15.801680620088533,3.682162269349235,994
placebo|1001,20.92233371120038,14.489705715102929,3.724718480413532,1001
placebo|1008,21.002929562783766,14.930792153026552,2.927890222852199,1008
placebo|1015,21.0762672483076,15.113290100075371,3.1975381478676055,1015
placebo|1022,20.854322996151097,15.36673872550356,3.799829487709808,1022
placebo|1029,20.561318308480214,15.40696533514403,2.8825275605755425,1029
placebo|1036,21.26625192548055,15.149805388614457,3.3946011153596025,1036
placebo|1043,21.090298340923162,15.183621861461539,3.3475465908409316,1043
placebo|1050,21.062558946721655,15.50838608600803,3.388561913624979,1050
placebo|1057,21.073033560162933,14.753053394968429,3.4067052883827165,1057
placebo|1064,20.713954132103098,15.071622547449548,3.4397623780421536,1064
placebo|1071,21.052627817504856,15.174231681549177,2.79633155301087,1071
placebo|1078,21.019391101259377,14.923581789163087,3.5783831610750174,1078
placebo|1085,20.657316706382932,14.862571692367933,2.7848348713815967,1085
placebo|1092,20.845240568081834,14.950570262315777,3.2115256668463488,1092
placebo|1099,21.27451628340583,15.249922244723212,3.1827702715180965,1099
placebo|1106,21.13950329282548,14.578449745181155,3.3054938312107227,1106
placebo|1113,21.187810004147977,14.74942829816931,3.299736419888543,1113
placebo|1120,20.982247970290434,14.672038296639156,3.445560880093227,1120
placebo|1127,20.99557006628726,14.938427877625049,3.4525335679600846,1127
placebo|1134,20.83365295922659,15.04398111230686,3.4890643218164055,1134
placebo|1141,20.68366537979951,14.803627571633704,3.5555884884121305,1141
placebo|1148,20.869743363624426,15.37918264956495,2.9198166594402384,1148
placebo|1155,20.67443902313737,15.18032321704731,3.3173060753682795,1155
placebo|1162,21.263125826550365,14.912594450174998,3.445525571577981,1162
placebo|1169,20.97106719033667,14.673552094154585,3.5417628268783057,1169
placebo|1176,20.821010970774157,14.875241188839661,3.4148893976909203,1176
placebo|1183,20.853471940555266,14.852662719134957,3.2868514940403224,1183
placebo|1190,20.93299817958243,14.939727549298155,3.188472793824435,1190
placebo|1197,20.66827963013279,15.193424700731962,2.8972921082819734,1197
placebo|1204,21.02331312477529,14.968696775930523,3.4576521290243547,1204
placebo|1211,20.752582485315806,14.477859494215451,2.67203108550331,1211
placebo|1218,20.96866259021718,14.710886042437243,2.955146448284714,1218
placebo|1225,20.201561062703632,15.118679330106277,3.54613425536227,1225
placebo|1232,20.985741883254573,15.288980351052794,3.397702267761523,1232
placebo|1239,20.475755868526,14.613048248466143,3.3722603041009216,1239
placebo|1246,21.217088176894617,15.180183036223948,3.1852549997422566,1246
placebo|1253,20.373400412099397,15.146305577157083,3.864432994250708,1253
placebo|1260,20.692920759459543,14.614318641647895,3.080320970455724,1260
placebo|1267,20.613176591294156,15.01925946436421,3.343223850361857,1267
placebo|1274,20.838118492069924,14.772510231466928,3.3550023914158142,1274
placebo|1281,21.020974928206392,14.727034360729018,3.952415568573452,1281
placebo|1288,20.755947873794323,14.909139486245703,3.220048254452512,1288
placebo|1295,21.191099304967707,14.91587510035326,3.137049370370509,1295
placebo|1302,21.26719973444785,15.53726032279269,3.553358108831762,1302
placebo|1309,21.205008138093216,15.436349106760572,3.0743895135684336,1309
placebo|1316,20.965611374323423,15.500861168755698,3.7001668776111485,1316
placebo|1323,21.231028280287656,15.100820053598184,3.6063874163107132,1323
placebo|1330,21.081789116409098,14.844529290352115,3.466370972763072,1330
placebo|1337,20.965427891362943,15.157771176576029,3.613126475288226,1337
placebo|1344,21.019058115591537,14.981770005588846,3.5598711348461722,1344
placebo|1351,20.76269509723785,14.642554818621633,3.4220506748571538,1351
placebo|1358,21.18102421558926,14.785913670966199,3.2542071653287303,1358
