scenario,es_always,es_ratchet,es_switch,d_mean,d_lo,d_hi,share,cost_always,cost_ratchet
Baseline,4.3047357718006385,5.152370722501604,3.643352818298551,0.6060135948755776,0.28830753425942596,0.9076643012345996,73.95833333333334,0.8692374716662158,1.2441374502438993
Trading costs x2,4.280910894103018,5.127632881720667,3.4326915404668643,0.5859053260565801,0.2685312223312305,0.8874441287064283,72.91666666666666,1.0064137971963227,1.4571124898322232
Trading costs x0.5,4.316648210649432,5.164739642892075,3.74868345721438,0.6159331227928271,0.298469114965811,0.9181423191030834,75.0,0.8036523528104216,1.1241562401020955
Funding carry 0,4.330838907674023,5.186631922348706,3.664485773135817,0.6163602889169518,0.2987936795726691,0.9182344698531059,73.95833333333334,0.13415581106140867,0.2171706277225688
Funding carry 12,4.278632635927259,5.118109522654496,3.6222198634612846,0.5956473257653837,0.2781242125148267,0.8972833099862262,73.95833333333334,1.6073047056208432,2.248312480204191
VIX-like spot-vol,9.65307743357394,10.29498367856138,6.273238624211691,0.6635227402925747,0.3730700434001834,0.9284215449469655,70.83333333333334,1.3323338601625467,1.676537724471307
Inverse leverage,0.4806679976618766,0.7172620772494254,0.5075037708933305,0.15482891482907088,-0.08088331936809874,0.39803714136890367,58.333333333333336,0.24641599948003945,0.5728474054939123
Crashes cluster in stress,5.345515371798548,5.068281935281899,3.07985792805015,0.28979295746778283,-0.08058184673841168,0.6615046144717698,57.291666666666664,0.8468012106576515,1.177043908464861
Session-anchored VWAP,4.3047357718006385,5.234693640336074,3.44364267539628,0.6163902691601152,0.2999894570967737,0.9241704903449873,72.91666666666666,0.8692374716662158,1.2509863530496768
Perpetual BTC book,4.2849404424378505,5.097785404335798,3.6219050334198033,0.5938386966043268,0.27860576743679855,0.8943909097138394,73.95833333333334,0.8692374716662158,1.2441374502438993
